Harry;Terrelly;39.143.246.20;13/09/2020;#36e94a;GMC;1
Reed;Grundle;165.98.38.135;29/09/2020;#f1183b;Chrysler;15
Kattie;Maud;101.25.28.104;14/08/2020;#5db24e;Buick;3
Scarface;Allpress;24.214.107.209;09/11/2020;#77711f;Suzuki;24
Rivkah;Dashper;228.196.201.115;08/01/2021;#83b34c;Ford;16
Elsworth;Mattiessen;59.249.116.206;11/07/2020;#08751a;Audi;27
Josephine;Halfhide;42.211.161.25;14/02/2021;#a172c8;Volkswagen;25
Wallis;Erdely;178.239.123.219;17/04/2021;#28ba19;Kia;21
Diann;Brimelow;87.227.171.100;03/10/2020;#c42bd3;Dodge;13
Karla;Coombs;183.35.93.125;28/10/2020;#2570d9;Ford;1
Cameron;Rothert;38.241.249.213;08/10/2020;#a0fb19;GMC;26
Trixi;Crepin;32.84.72.200;23/12/2020;#71a15c;Chevrolet;18
Christan;Shadwick;109.246.243.24;09/05/2020;#c25a2d;Pontiac;22
Halimeda;Litterick;20.120.137.238;25/02/2021;#1d7a3b;Kia;22
Kerri;Mordin;190.82.46.65;23/03/2021;#787a47;GMC;9
Lorelei;Ottee;195.169.16.48;26/07/2020;#a0f390;Volvo;28
Egor;Grigolon;193.137.31.19;20/12/2020;#18bf7d;Saab;3
Cleo;Grebner;13.208.140.155;07/04/2021;#46c230;Ford;10
Thedrick;Andres;236.87.39.19;28/10/2020;#863672;Chevrolet;20
Valene;Skelhorne;219.125.18.13;20/09/2020;#e5ba3d;BMW;8
Shirlene;Rothery;48.143.253.115;10/02/2021;#14cd70;Ford;22
Britt;Bernier;46.31.187.138;13/07/2020;#075fdf;Mercedes-Benz;20
Luca;Pughe;190.28.154.174;27/06/2020;#74068d;Panoz;26
Antonina;Hale;13.155.246.77;02/09/2020;#931e9d;Volkswagen;23
Kirby;Lambdin;82.84.28.239;08/01/2021;#74dd3f;Kia;19
Kahaleel;Curror;207.120.168.35;12/09/2020;#698838;GMC;22
Garnette;Keaton;218.197.15.253;29/03/2021;#f9d3b4;Lamborghini;14
Yorke;Carne;113.177.58.102;27/02/2021;#7f56af;Mitsubishi;18
Rutter;O' Flaherty;130.95.244.75;26/01/2021;#a7ccc5;Chevrolet;18
Tirrell;Brodnecke;135.1.220.159;31/08/2020;#2ed0da;Ford;7
Mechelle;Dockree;68.219.60.242;07/12/2020;#9c04ed;Mazda;18
Jasmina;Penhalewick;50.134.129.186;17/05/2020;#02035c;Ford;9
Rudolf;Rider;77.44.21.64;29/10/2020;#6b57c2;Chrysler;17
Rikki;Raye;12.115.230.76;08/11/2020;#b99796;Hyundai;29
Minni;Goundrill;100.199.124.221;06/10/2020;#eb8d3f;Ford;16
Carolin;Flattman;77.23.183.48;08/12/2020;#3e7263;Dodge;29
Glendon;Lister;58.40.208.175;09/09/2020;#967435;Nissan;27
Con;Woolnough;219.101.234.112;22/08/2020;#1bbf8c;Toyota;9
Elbertina;Bramah;209.18.165.223;09/07/2020;#271fb7;Mazda;7
Maisie;Braine;88.173.76.222;03/04/2021;#583881;Chevrolet;2
Clyde;Eastes;80.176.33.163;26/04/2020;#6bdb9e;Dodge;16
Augie;Whilde;232.234.108.127;13/11/2020;#50d715;Scion;30
Jedidiah;Element;23.21.64.10;25/01/2021;#5c4d90;GMC;29
Cecily;Wilstead;51.119.29.249;08/10/2020;#104ee4;Volkswagen;24
Charlotte;Radband;153.210.173.57;12/04/2021;#8e5e8b;Eagle;23
Joaquin;Ricardin;66.53.133.90;29/07/2020;#f5f915;Audi;14
Robinett;Jiru;211.86.238.213;15/07/2020;#8c9ec6;Audi;17
Arvy;Roke;28.52.141.250;01/07/2020;#1e89ae;Kia;28
Elbertine;Luisetti;118.67.100.198;29/12/2020;#4cddec;Jaguar;30
Amalie;Maffy;149.228.15.193;04/05/2020;#edaa07;Hyundai;7
Juliane;Boddington;83.146.140.137;19/06/2020;#ece331;Jeep;16
Rick;Blanchflower;156.245.27.152;01/12/2020;#b3cf41;Mitsubishi;6
Daisey;Dadds;147.78.168.69;23/03/2021;#d1efd7;Buick;5
Kissiah;Floris;162.106.195.189;15/10/2020;#4d13ab;Ferrari;9
Cassie;Sclater;178.218.38.201;12/10/2020;#26e256;Nissan;26
Lacey;Grigoliis;237.98.201.78;23/12/2020;#a74f78;Mercedes-Benz;3
Merv;Lempke;136.211.159.160;19/04/2020;#4384ee;Ford;23
Priscella;Poleykett;56.138.213.216;21/12/2020;#7f53be;Lexus;4
Bradly;Longthorne;70.245.96.221;30/08/2020;#7c1567;Acura;17
Tamiko;Bevis;226.252.65.231;01/11/2020;#91b198;Mercedes-Benz;17
Eberhard;Reicharz;13.57.55.131;20/09/2020;#d9635a;BMW;19
Zachary;Semiras;57.66.36.187;12/11/2020;#13db97;Aston Martin;21
Ola;Trangmar;194.140.36.100;25/05/2020;#9d5e6e;Ford;3
Gradey;Fishwick;155.157.66.219;08/07/2020;#27ccb6;Infiniti;23
Vassily;Hebblewaite;243.122.79.15;24/01/2021;#96e34e;Acura;12
Kellina;Eccles;240.137.118.218;04/04/2021;#ede68d;Audi;21
Daniel;Moulson;74.124.168.211;04/08/2020;#5a6e8a;Dodge;26
Mark;Petersen;240.103.231.178;27/10/2020;#5afc51;BMW;16
Ainsley;Crinkley;88.196.153.137;26/12/2020;#834df3;Pontiac;13
Radcliffe;Wyldes;179.242.222.77;27/04/2020;#9a42c1;Hummer;7
Greg;Powdrell;223.77.7.229;10/08/2020;#e5e72b;Infiniti;25
Mariejeanne;Marfield;195.64.27.93;24/03/2021;#254e5c;Subaru;30
Ashia;O'Fogerty;107.118.37.115;27/09/2020;#796ec6;Cadillac;15
Isa;Crosskell;139.61.21.186;02/07/2020;#86935a;Mazda;19
Miof mela;O'Caine;22.35.164.49;02/01/2021;#1da577;Acura;14
Bjorn;Midgely;34.202.106.159;19/04/2020;#3b19d6;Mazda;18
Michal;Zarfat;8.88.137.44;04/11/2020;#7cc7f5;Toyota;13
Filmer;Brooking;31.100.60.152;03/12/2020;#54f769;Dodge;3
Fernande;De Vuyst;249.25.119.91;27/02/2021;#253c92;Honda;28
Yoshiko;Bertelet;18.252.206.108;13/02/2021;#e2be08;Lincoln;17
Cori;Birchenough;127.120.11.127;14/10/2020;#e5443d;Toyota;11
Edvard;Clerc;128.189.243.137;02/03/2021;#86b825;Mercedes-Benz;27
Tann;Goscar;201.153.114.146;29/10/2020;#da5096;GMC;18
Con;Kupec;34.40.49.34;03/12/2020;#898617;Mazda;19
Lorettalorna;Coverdale;10.234.15.225;08/02/2021;#9ee7e9;Cadillac;20
Stephine;Pallis;23.201.255.55;16/06/2020;#ee8af3;Chevrolet;24
Clifford;Pepye;207.98.215.28;10/02/2021;#068095;Volkswagen;27
Alysia;Mandrake;216.244.104.177;22/11/2020;#85d67a;Chevrolet;26
Toby;Skarman;200.247.190.185;27/05/2020;#a5f605;Ford;30
Brion;Grealey;86.198.155.62;06/12/2020;#b969a7;Chrysler;13
Klement;Guerrero;225.175.162.224;25/07/2020;#ac5e3b;Mercury;21
Nathalie;Bannard;178.160.106.254;13/11/2020;#a864a3;Mercedes-Benz;18
Meyer;Ranyelld;223.19.216.197;10/08/2020;#2867ad;Dodge;5
Jeanelle;Louth;240.187.118.139;29/10/2020;#53b14e;Lamborghini;4
Cchaddie;Mantrup;254.110.6.242;04/05/2020;#121035;Ford;29
Jacques;Hughson;117.42.7.215;21/07/2020;#b5ba8a;BMW;3
Brittaney;Baudon;86.114.26.205;30/06/2020;#2894f0;Honda;24
Nomi;Wishart;224.70.210.69;24/03/2021;#19a430;Mitsubishi;26
Charmian;Dyment;198.228.117.13;28/02/2021;#151727;Honda;28
Glori;O'Rowane;183.15.229.77;22/03/2021;#4916e2;Lamborghini;13
Reider;Kenningley;58.88.136.122;13/09/2020;#af7a72;Ford;19
Maxy;Paute;192.85.220.156;05/06/2020;#28675a;Mitsubishi;22
See;Polamontayne;45.66.169.42;20/07/2020;#63c6a3;Infiniti;15
Artus;Croutear;28.254.242.242;09/06/2020;#ec0616;Chevrolet;6
Sarge;McVrone;174.217.205.243;28/01/2021;#96c69f;Lexus;3
Merell;Scantlebury;214.115.76.248;11/02/2021;#f117c7;Maserati;15
Gabriela;Sephton;75.25.89.205;20/06/2020;#76b3c4;Dodge;14
Christoforo;Blunsom;214.101.198.47;01/09/2020;#33f896;GMC;1
Brenna;Bladon;57.143.16.203;25/05/2020;#813340;Mazda;18
Arlan;Megarrell;243.26.14.210;21/09/2020;#2456f6;GMC;13
Gaynor;Glasbey;245.129.16.138;05/02/2021;#88913a;Ford;8
Tisha;Pittendreigh;254.4.199.220;07/12/2020;#769f19;Dodge;8
Oberon;Butler;243.241.104.116;25/05/2020;#3b7379;Dodge;28
Bowie;Hubner;242.229.57.17;29/01/2021;#94a7f5;Chevrolet;30
Nannette;Wield;106.173.73.117;31/03/2021;#a1a95a;Nissan;2
Elva;Saban;231.118.151.133;23/09/2020;#2c3e7d;Dodge;28
Anna;Milham;210.149.167.2;21/08/2020;#c6a3a2;Suzuki;17
Dom;Uttermare;138.6.202.229;04/08/2020;#0053f6;Land Rover;16
Robena;Lineker;245.225.190.5;19/07/2020;#83ed6f;Buick;18
Sanderson;Sabathier;58.15.197.200;20/02/2021;#38ed70;Nissan;28
Luce;Jarrel;217.175.245.190;27/01/2021;#a123e9;Suzuki;14
Ambrosi;Mattke;193.41.122.219;24/10/2020;#707bbd;GMC;23
April;Skiggs;178.246.148.93;21/06/2020;#2d4eff;Pontiac;15
Wesley;Dunlap;153.53.239.75;23/01/2021;#65dc1d;Oldsmobile;2
Antoinette;Cowling;160.5.133.153;30/12/2020;#7442ed;Mitsubishi;16
Bobinette;O' Neligan;167.29.36.171;17/04/2021;#72bc67;Chevrolet;7
Ode;Kreber;179.70.36.83;27/07/2020;#05fba6;Toyota;25
Jo-anne;Grewcock;77.89.179.209;09/08/2020;#91a5a7;Audi;21
Jacklin;Thomesson;5.216.171.220;24/12/2020;#0c9c2c;Infiniti;12
Cathie;Cuer;163.185.20.6;14/01/2021;#22eb9d;Chrysler;8
Kendre;Dellenbrook;44.116.69.148;14/07/2020;#694594;Ford;5
Carling;Mansour;112.127.241.86;13/07/2020;#78e2e3;Bentley;27
Krystalle;Margetts;13.149.205.219;28/01/2021;#3e4314;GMC;18
Lola;Shaudfurth;78.217.163.246;05/10/2020;#7e0dc9;Lamborghini;7
Yul;O'Henecan;210.83.147.243;04/12/2020;#83f3a1;Infiniti;21
Niall;Arson;163.194.29.115;27/03/2021;#911ee7;Audi;26
Malynda;Borrott;51.63.23.90;08/09/2020;#cdc82f;Mercedes-Benz;9
Chlo;McKeggie;21.119.4.85;20/03/2021;#1fdab8;Mercedes-Benz;29
Waylen;Marriage;170.38.221.67;01/06/2020;#5cf956;Mercedes-Benz;8
Lancelot;Petriello;113.228.141.92;25/01/2021;#107186;Land Rover;1
Mallory;Sweett;137.245.46.161;08/03/2021;#ab4b77;Nissan;8
Rivalee;Risson;38.23.78.159;28/05/2020;#2702c7;Ford;12
Sheela;Ding;90.138.50.81;23/10/2020;#0b0644;GMC;19
Ailina;Lodewick;42.177.103.9;26/12/2020;#fe62a6;Bentley;16
Frank;Geraldo;214.239.159.7;25/09/2020;#618fb0;Honda;21
Gwenora;McDuff;118.169.187.150;31/03/2021;#09f232;Pontiac;27
Gherardo;Glisane;86.85.197.55;06/09/2020;#9824a1;Dodge;2
Jennette;Roddam;222.133.170.154;24/03/2021;#a76811;Acura;7
Karisa;Dorran;27.181.199.255;10/06/2020;#eb007b;Ford;19
Sergent;Eustes;90.6.190.52;24/09/2020;#59ac33;Isuzu;24
Dot;Denson;1.194.197.83;03/12/2020;#f048be;Volvo;18
Griff;Vanyard;229.173.82.185;21/06/2020;#abc409;Chevrolet;26
Lannie;Bennion;103.0.126.240;30/12/2020;#bdd57f;Mitsubishi;8
Cesar;Matei;232.59.231.108;29/11/2020;#80e2aa;Lincoln;8
Wandie;Robrose;28.76.162.133;12/09/2020;#968c5e;GMC;11
Aurora;Sollom;173.219.169.221;14/04/2021;#532062;Honda;12
Bartholomeo;Hollows;240.212.255.53;23/01/2021;#8a623d;Toyota;23
Anselm;Martinek;77.71.20.129;26/04/2020;#5fbd5f;Mitsubishi;6
Codi;Niche;159.47.131.12;25/09/2020;#ce6081;Mercury;14
Norry;Formby;170.35.55.179;28/03/2021;#a53afa;Chevrolet;20
Debee;Band;28.242.150.54;25/08/2020;#70426a;Dodge;25
Scot;Seamarke;121.71.56.197;17/07/2020;#2b2a15;Mitsubishi;2
Bria;Hancell;151.110.114.90;22/10/2020;#5e5a09;Volkswagen;15
Saunders;Bovaird;82.51.59.194;08/03/2021;#637175;Jeep;2
Gradey;Pettman;50.151.195.78;04/09/2020;#fdc207;Chrysler;16
Wilt;Suttell;6.119.142.249;07/08/2020;#377b57;Buick;12
Kylie;Westrey;10.20.153.150;17/11/2020;#590d1f;Cadillac;24
North;Franchi;33.128.162.39;08/04/2021;#d59a1b;Dodge;26
Patricio;Elkington;52.198.136.151;09/01/2021;#e4e17d;Jeep;28
Eolanda;Decort;160.136.194.11;21/08/2020;#19abc8;Ford;20
Dewain;Leggatt;178.5.18.223;06/09/2020;#79892b;Cadillac;20
Betsey;Baselio;8.55.80.157;18/12/2020;#1c666d;Saturn;24
Darrell;Amner;245.97.168.123;03/06/2020;#b8778b;Acura;20
Ruthann;Fouracres;254.61.255.245;14/01/2021;#f42eb4;Lexus;26
Hewitt;Glazzard;78.116.82.77;19/01/2021;#764fd2;Ford;29
Jaine;Yewman;173.230.46.102;19/05/2020;#9a399e;Ford;19
Cherilynn;Mannin;163.117.170.46;21/01/2021;#3c9668;Lexus;5
Belva;De la croix;209.111.20.236;29/06/2020;#52fbfd;Chrysler;10
Reinald;Powter;125.210.116.228;25/09/2020;#b55b76;Maserati;28
Terry;Cranshaw;77.202.118.143;23/04/2020;#515a5a;Lincoln;3
Tulley;Bigmore;203.254.14.179;18/05/2020;#f0757c;Subaru;10
Auria;Hedde;48.146.184.10;06/12/2020;#d60567;GMC;25
Beau;Antonutti;118.51.188.189;07/02/2021;#591e3c;BMW;8
Natividad;Smorthit;205.111.13.190;23/11/2020;#932302;Mazda;8
Pammi;Willoway;89.71.49.169;09/02/2021;#438566;Toyota;4
Madonna;Crang;19.106.140.51;10/01/2021;#2d2f98;Land Rover;16
Genni;Kardos-Stowe;177.230.150.165;26/01/2021;#1fd9c9;Mercury;5
Evita;Girogetti;33.224.47.66;03/08/2020;#66d8a5;Lincoln;15
Corissa;Whitcombe;55.123.108.190;06/10/2020;#ca0d23;Suzuki;26
Alys;Crocombe;82.114.77.125;01/10/2020;#5c57b4;Mitsubishi;4
Fawn;Alexandersson;136.252.111.226;13/11/2020;#5816c6;Mitsubishi;7
Cyrus;De Francesco;183.64.11.80;23/04/2020;#1c2fd4;Lincoln;4
Ettore;Rottery;179.241.235.41;19/03/2021;#a902a9;Nissan;8
Aretha;Genever;209.180.245.180;26/06/2020;#317a99;Pontiac;22
Bradan;Pie;39.154.30.201;10/01/2021;#34ad1b;GMC;19
Auria;Dominique;59.133.158.195;27/05/2020;#d83c0f;Dodge;16
Ted;Barrim;210.219.224.16;01/03/2021;#fab658;GMC;18
Ryon;Yglesia;160.117.212.237;03/05/2020;#b1168d;Chevrolet;24
Omero;Bickley;219.101.223.21;15/09/2020;#b17252;Mazda;26
Marjy;Barlas;90.113.251.93;11/02/2021;#00f203;Pontiac;24
Germana;Chaimson;213.199.25.48;15/03/2021;#57af9c;Mercury;15
Olga;Gumly;196.82.19.8;14/10/2020;#9995d4;Lincoln;26
Justin;Maudlen;226.60.59.117;22/04/2020;#cb2363;Mazda;2
Genvieve;Tomasek;130.105.50.109;07/11/2020;#ed2985;Mercedes-Benz;22
Chev;Atyeo;232.77.38.45;11/09/2020;#654fd7;Pontiac;22
Sayre;Dowsett;80.240.106.24;28/10/2020;#1a6848;Kia;11
Orlan;Matejka;106.101.179.17;16/04/2021;#aae774;Chevrolet;18
Tara;Bleasdale;175.65.212.7;14/09/2020;#c6b03a;Mazda;21
Dodi;Pentony;106.160.63.15;16/11/2020;#cc729e;Ford;22
Jeana;Papen;64.188.196.148;20/09/2020;#785d78;Acura;14
Estrella;Harmour;11.75.94.40;05/04/2021;#9a34ff;Plymouth;3
Becki;Maytum;203.230.158.83;22/08/2020;#7dba13;Cadillac;14
Tiffy;Cunningham;226.14.62.113;17/02/2021;#bc50e5;Porsche;23
Laurette;Chinnock;107.132.108.185;28/04/2020;#e4f3a1;Lamborghini;15
Colleen;Williamson;143.102.114.177;03/12/2020;#08b672;Hyundai;21
Harcourt;Graddell;213.33.107.156;22/12/2020;#f9a0f9;GMC;16
Adrea;Franchi;245.69.225.12;13/04/2021;#84e3f7;Porsche;12
Haywood;Rouff;162.216.196.90;21/05/2020;#b2cf07;Mitsubishi;15
Humfrey;Izac;77.81.224.209;30/01/2021;#02cb2b;Bentley;5
Romy;Jilkes;25.50.157.142;20/04/2020;#833ee8;Lotus;27
Sharia;Janoschek;155.19.60.16;19/07/2020;#494df2;Ford;25
Brig;Vasiliev;194.10.71.157;18/04/2020;#73fc8b;Nissan;1
Dorelle;Ewington;206.247.15.197;05/12/2020;#6844e3;Mercury;23
Lorraine;Parnaby;167.186.52.186;26/12/2020;#b76c89;Mercedes-Benz;9
Ado;Stoade;113.98.117.176;23/08/2020;#13c3b4;Oldsmobile;8
Jilleen;Schust;209.216.13.144;18/05/2020;#d679dd;Suzuki;13
Dagmar;Kordes;152.14.243.158;21/01/2021;#7da461;Audi;21
Alejandrina;Labitt;208.59.255.88;20/08/2020;#d368f1;Mitsubishi;4
Issy;Tash;110.113.122.27;28/04/2020;#3ab4f5;Chevrolet;30
Minette;Luxton;46.109.98.175;25/08/2020;#21b72f;Jensen;9
Nicol;Walsham;181.127.124.193;16/05/2020;#2230d6;Nissan;16
Elka;Snowball;244.89.213.11;13/11/2020;#7fc747;Mercury;7
Mabel;Bromilow;109.3.96.107;04/05/2020;#71127e;Dodge;6
Claudelle;Biasioli;246.50.31.235;20/11/2020;#15c948;Dodge;4
Addison;Tejada;23.125.58.44;03/01/2021;#237a49;Volkswagen;11
Jared;Ingrey;88.87.186.118;20/04/2020;#5e37d7;Buick;12
Beltran;De Haven;109.69.39.35;14/11/2020;#e5aba3;Audi;20
Aime;Mangam;130.52.57.120;28/04/2020;#4ef749;Alfa Romeo;21
Bryan;Cordrey;113.63.119.254;24/07/2020;#189b93;Subaru;2
Milton;Piller;216.18.181.234;17/08/2020;#93c87a;Maybach;23
Earl;Janatka;84.120.158.132;23/08/2020;#9f57de;Lincoln;13
Rosalinda;Dinsdale;57.244.225.208;09/09/2020;#b1ae1b;Dodge;24
Renault;Sclater;232.171.159.6;14/06/2020;#15831c;Ford;25
Jeromy;Fittall;94.14.217.42;18/04/2020;#52db28;Ford;25
Sashenka;Thorley;110.168.84.241;19/11/2020;#b80039;GMC;19
Jasun;Turnpenny;251.150.18.16;07/07/2020;#78b182;Honda;18
Grazia;Heberden;173.173.13.195;15/01/2021;#ee758d;Audi;14
Elmo;Hamlet;105.29.97.163;26/01/2021;#2626bf;MINI;20
Brinn;Jansema;74.202.76.208;31/03/2021;#6521a6;Cadillac;21
Denys;Meriot;186.95.110.215;08/09/2020;#94efa4;Porsche;9
Mei;Legh;87.110.40.9;01/01/2021;#fc4b75;Mitsubishi;15
Lindsay;Rollitt;0.173.206.74;29/06/2020;#244f08;Infiniti;28
Manny;Moodey;207.47.24.55;13/07/2020;#67cf19;Suzuki;11
Danie;Cockton;222.52.77.22;31/08/2020;#5e0481;Dodge;24
Berti;Gymblett;9.88.173.140;02/08/2020;#de4876;Audi;21
Austen;Woodage;5.32.203.119;27/01/2021;#16cf93;Mercedes-Benz;5
Emmott;Chevalier;54.149.210.93;05/02/2021;#6ab6a1;Mitsubishi;21
Ly;Tarborn;209.119.24.33;09/07/2020;#c36633;MINI;28
Putnam;Petrosian;99.11.32.208;24/11/2020;#49a8c9;Subaru;11
Kerrin;Birtle;17.30.230.111;26/09/2020;#b4c484;Chevrolet;14
Gail;Boddam;140.176.20.35;19/12/2020;#7f614a;Mercedes-Benz;3
Alma;Gilstin;121.131.223.213;05/09/2020;#1b50e9;Acura;27
Dorian;Plowes;24.246.2.249;05/06/2020;#61559b;Lexus;6
Clark;Kall;195.33.184.108;05/10/2020;#e44326;Volvo;4
Eric;Gehrts;144.152.131.30;24/04/2020;#5ce96a;Buick;18
Robers;Fobidge;160.229.175.208;03/12/2020;#85f331;Ford;8
Lacie;Torel;23.190.181.233;04/04/2021;#858c74;Mercedes-Benz;14
Gerick;Keene;62.240.48.188;24/12/2020;#4d7303;Toyota;9
Megen;Willshaw;241.98.173.21;23/06/2020;#43428b;Mitsubishi;23
Lolita;Mawford;80.203.181.228;23/08/2020;#fb169f;Chevrolet;12
Latia;Weatherill;218.218.180.23;10/05/2020;#9275af;Mazda;16
Frederik;Head;210.57.111.116;23/04/2020;#d35d8b;Pontiac;10
Anitra;Grinaway;135.123.185.83;18/03/2021;#59cd92;Dodge;30
Gwendolyn;Sculley;253.24.170.204;19/03/2021;#a57b3d;Dodge;4
Lockwood;Chastel;62.10.70.156;09/06/2020;#6dd876;Dodge;22
Rebecka;Follitt;72.69.185.202;15/04/2021;#01e97d;Honda;19
Roy;Lints;173.112.133.132;03/02/2021;#cb5bff;Pontiac;11
Sigrid;Osgarby;154.79.179.22;05/02/2021;#125fb6;Chevrolet;30
Lanette;MacDonell;76.171.195.193;01/12/2020;#caeaf1;Ford;7
Curry;Askaw;183.149.140.89;18/08/2020;#84c06d;Toyota;3
Bess;Senechell;135.3.115.229;01/08/2020;#f03b8f;Geo;8
Gerry;Millhill;56.99.118.119;13/02/2021;#d747d8;Audi;18
Barny;Ellens;232.238.143.153;03/11/2020;#b8663f;Volkswagen;11
Stoddard;Dennerley;71.19.201.100;21/10/2020;#3f2f94;GMC;10
Dru;Melato;165.155.156.156;11/04/2021;#5fb4f5;Toyota;12
Blondell;Harget;105.221.105.167;26/12/2020;#913bf2;Saturn;2
Arman;Gillard;40.218.111.33;01/07/2020;#b347f9;Mercury;26
Penny;Mattityahou;146.29.64.142;02/02/2021;#e01865;Mazda;16
Guillemette;Eastcott;189.204.24.126;05/05/2020;#d71705;Acura;14
Robinette;Barneville;230.234.206.13;03/03/2021;#655a36;Ford;21
Marvin;Kinsella;81.72.26.173;04/01/2021;#9950bf;Ford;22
Urbain;Jacobi;167.164.167.243;01/03/2021;#8fdbe4;Cadillac;17
Kordula;Dabell;96.40.248.18;23/07/2020;#0fe6d6;Volkswagen;25
Ole;But;123.232.151.164;19/11/2020;#7bd4f5;Nissan;15
Trudi;Pellant;135.171.238.172;08/02/2021;#7041bf;Chevrolet;16
Zarah;Durie;57.161.61.194;10/10/2020;#0ade6d;Toyota;27
Cathlene;Gloyens;204.9.114.196;01/06/2020;#2f08b1;Mitsubishi;10
Cody;Geekin;118.57.220.125;11/05/2020;#a4a954;Audi;21
Willow;Reinert;10.245.171.155;21/05/2020;#bbf8cb;Toyota;12
Jesus;Payler;79.131.91.114;22/04/2020;#3cde7a;Toyota;2
Nickolai;Pamment;88.8.239.10;12/11/2020;#1f47f5;Chevrolet;21
Haily;Wilfinger;103.172.67.150;20/05/2020;#d36000;Pontiac;22
Margot;Belsey;87.7.56.53;12/05/2020;#e0d96f;Buick;10
Yvon;Clows;222.152.108.219;28/02/2021;#3f2ad7;Buick;3
Tirrell;Goman;87.226.155.218;30/08/2020;#ddf893;Chevrolet;13
Tanner;Tarbath;225.215.22.40;29/08/2020;#8206aa;Nissan;15
Guinevere;Uzielli;123.75.43.14;26/07/2020;#b5b613;Dodge;25
Rolfe;Manns;247.37.141.158;16/11/2020;#6f6f5e;Volvo;26
Quinta;Kleinlerer;61.177.198.31;09/10/2020;#f3e708;Jeep;6
Elysee;Tinker;245.78.236.211;16/11/2020;#688071;Mercedes-Benz;20
Albert;Finey;115.210.201.126;24/07/2020;#50eadb;GMC;20
Kristian;Aikett;175.20.174.99;16/01/2021;#e1d0f5;Dodge;27
Sigismund;Hedon;145.233.114.109;24/10/2020;#f235c6;Pontiac;30
Violette;Spandley;135.221.206.252;14/04/2021;#406209;Dodge;4
Elayne;Craze;111.82.125.150;09/05/2020;#44572c;Acura;3
Mareah;Duiged;221.9.52.220;22/02/2021;#090359;Hyundai;22
Drud;Aikett;140.222.97.119;18/02/2021;#e0c6d4;BMW;17
Lambert;Jessett;180.125.184.87;10/07/2020;#b3fec7;Cadillac;14
Othello;Bourgaize;95.206.5.131;03/04/2021;#aeb944;Jeep;12
Reggie;Bellson;180.59.68.63;28/04/2020;#d1cd6f;Mercedes-Benz;1
Neel;Chattoe;191.26.109.45;09/11/2020;#c8ed54;Infiniti;1
Maiga;Isenor;179.214.37.53;17/12/2020;#daed2d;Mercury;28
Wayland;Linner;143.156.133.193;19/10/2020;#d58a6b;Lamborghini;18
Starla;Castagnet;36.45.101.123;13/08/2020;#49b3de;Dodge;14
Onfre;Blowfelde;197.21.87.173;17/04/2021;#05faf7;Ford;27
Alyson;Sobey;198.106.72.249;15/05/2020;#04ae25;Audi;28
Allen;Saiz;239.80.99.119;09/09/2020;#37d4ae;Ford;28
Willetta;Tixier;6.15.238.42;14/07/2020;#60b991;Audi;9
Sheelah;Dowty;83.115.121.12;21/12/2020;#9b0065;Infiniti;20
Hewe;Yushmanov;142.60.154.203;13/01/2021;#e2d785;Honda;30
Solomon;Chessil;243.250.19.196;16/04/2021;#b08da8;Suzuki;7
Barclay;Klus;165.192.216.57;10/06/2020;#f21374;Nissan;9
Alfredo;Nevin;148.198.217.245;29/09/2020;#5a5eeb;Mercedes-Benz;10
Lucia;Roj;176.42.7.234;18/12/2020;#8dd067;Ford;28
Myrtle;Jeffcoat;76.177.91.195;16/11/2020;#189f44;Acura;9
Iggy;Luna;105.205.95.7;30/07/2020;#615680;Nissan;23
Aurlie;Mannock;101.238.99.204;08/10/2020;#dbd47b;Mazda;6
Myra;Eilhertsen;165.136.246.49;14/09/2020;#57e137;Cadillac;28
Grazia;Mainz;162.54.196.172;14/02/2021;#20c644;Hummer;8
Vikki;Wallbanks;238.111.96.182;15/11/2020;#8efdae;Chevrolet;28
Arel;Gavaghan;210.219.132.226;31/03/2021;#b19c1f;Chevrolet;23
Leupold;Doone;115.25.6.121;25/12/2020;#f056f3;Chevrolet;5
Sloan;Gratland;207.78.163.89;30/10/2020;#1c8ba5;Mercedes-Benz;28
Martainn;Corbert;42.116.92.51;18/08/2020;#5be0e3;Subaru;27
Rock;Douglas;46.141.241.224;14/01/2021;#061043;Cadillac;21
Blondell;Artrick;201.147.106.2;01/08/2020;#a6149b;Volkswagen;13
Eldredge;Sanbrook;58.138.48.214;12/11/2020;#1d9a9c;Jeep;15
Holly;Pile;107.89.10.101;30/01/2021;#5763ad;Mitsubishi;9
Kippy;Ambrogio;2.134.44.21;28/05/2020;#0d2609;Volvo;6
Rowe;MacLennan;18.74.251.167;10/04/2021;#0578fc;Mitsubishi;29
Matthus;Gooday;136.149.68.171;21/12/2020;#caf11f;Chevrolet;3
Lilah;Kayser;190.80.253.88;13/12/2020;#15ce7e;Volkswagen;30
Yardley;Buckie;110.129.164.157;26/05/2020;#ca56bb;Land Rover;7
Hinda;Collymore;13.3.76.21;16/02/2021;#c93ed1;BMW;29
Lee;Ferrarello;100.79.177.20;13/05/2020;#ae2ed9;Chevrolet;3
Twyla;Midghall;83.189.21.36;09/08/2020;#be2ed6;Acura;28
Idette;Carlaw;173.134.228.183;22/04/2020;#b6300e;Porsche;12
Maynard;Friar;85.74.35.211;12/02/2021;#b1f994;Plymouth;18
Laurel;Nuccitelli;35.194.214.205;16/04/2021;#1d6de6;Toyota;25
Silvana;Talby;138.220.167.122;12/03/2021;#4cf04a;Ford;10
Nanon;Leaman;12.35.218.73;04/08/2020;#3ac52a;Buick;13
Jewelle;Bridgman;35.237.28.172;02/05/2020;#cdab3a;Porsche;2
Magdaia;Colam;35.63.97.105;05/04/2021;#fe07a0;Suzuki;14
Alic;Pattlel;89.51.45.99;21/03/2021;#cae6de;Chevrolet;16
Barton;Bangiard;52.57.61.199;15/03/2021;#96de32;Mitsubishi;20
Felic;Culligan;59.211.80.140;22/08/2020;#95a581;Dodge;17
Vicky;Fuggles;104.91.196.37;05/09/2020;#1e05bf;Lotus;26
Jenna;Jump;159.30.152.195;20/05/2020;#c5886c;Ford;5
Jacky;Goede;48.183.46.137;16/12/2020;#2e1614;Chevrolet;12
Corine;Mapson;22.148.119.42;24/07/2020;#b8d23a;Kia;27
Roosevelt;Headan;205.162.136.52;17/07/2020;#99e5af;Volkswagen;11
Daisey;Coatman;72.29.83.227;27/12/2020;#62758f;Lincoln;11
Cornelius;Deignan;194.92.84.141;27/04/2020;#c97fbc;Toyota;15
Alric;Dudgeon;184.117.130.130;14/09/2020;#ebe1fe;Kia;7
Beniamino;Dovington;74.198.122.135;10/05/2020;#bbd3f5;Chrysler;10
Zorine;Kretschmer;255.170.14.184;26/01/2021;#f558f3;Infiniti;7
Bayard;Sibbons;26.11.144.205;19/02/2021;#ed035e;Maserati;4
Georgeta;Kelby;213.9.254.252;18/05/2020;#b3912f;Cadillac;2
Demetri;Silmon;85.112.220.252;28/08/2020;#777326;BMW;19
Alphonse;Patkin;109.157.170.171;24/12/2020;#b34c65;Buick;17
Arvie;Brierly;246.7.131.60;21/02/2021;#ca825c;Toyota;15
Terrie;Bacher;93.121.153.56;08/10/2020;#b27d01;Lexus;11
Emile;Comizzoli;6.106.191.155;23/05/2020;#9a52d8;Lotus;24
Alexia;Dilnot;62.118.231.13;22/11/2020;#4b1d4b;Hyundai;11
Chen;Crawley;154.85.162.208;27/09/2020;#be9346;Lotus;29
Mattias;Gandey;209.157.158.129;10/04/2021;#c8cf23;Toyota;20
Stace;Grassi;91.198.90.168;14/02/2021;#ebf129;Oldsmobile;21
Brocky;Milan;116.106.191.149;10/02/2021;#c34a50;Volkswagen;2
Ivett;O' Connell;84.247.168.139;30/10/2020;#0af436;Infiniti;1
Steffie;Wetwood;105.222.44.73;12/10/2020;#6c606c;Toyota;20
Rad;Yerbury;0.6.113.193;06/11/2020;#2dcbf4;Pontiac;27
Suzy;Fallens;79.138.228.99;25/07/2020;#7248e4;Ford;27
Thain;Kattenhorn;69.88.188.42;18/10/2020;#6e41b3;Mercedes-Benz;5
Isidore;Grimsley;45.34.132.63;08/12/2020;#b99478;Mercedes-Benz;22
Gerome;Lawrenz;194.134.125.183;16/02/2021;#c400c1;Lexus;18
Joane;Dunnett;164.59.1.8;03/08/2020;#aff81a;Chrysler;11
Lorrayne;O' Mahony;225.47.245.83;07/12/2020;#7d0eba;Toyota;9
Hilly;Phelips;179.18.136.147;20/05/2020;#18650b;Maserati;25
Ameline;Schoenfisch;98.170.6.43;03/06/2020;#034cc2;Pontiac;9
Derwin;Pountain;29.6.9.23;24/03/2021;#ae7536;Honda;19
Paige;Sabbin;226.146.77.48;16/12/2020;#651b5a;Mercedes-Benz;8
Hurlee;Osbidston;74.233.70.185;25/12/2020;#4bc96b;Mercury;19
Donnamarie;Scroggie;55.149.71.71;31/12/2020;#6e393f;Mercedes-Benz;6
Carilyn;Daughtry;117.92.210.251;22/11/2020;#c0a016;Chevrolet;29
Paulette;Loukes;99.166.253.191;24/04/2020;#be7dce;Ford;7
Lucia;Simmell;202.27.146.236;10/07/2020;#52e01f;Dodge;17
Elwyn;Croysdale;215.55.30.224;03/06/2020;#d35d4e;Audi;15
Davy;Echlin;68.246.73.65;18/09/2020;#ee6402;Volvo;15
Allyn;Masey;152.217.219.139;28/07/2020;#166823;Acura;17
Phelia;Peperell;238.103.175.147;02/08/2020;#c356c8;Mercedes-Benz;21
Rutter;Dandison;182.216.171.225;23/02/2021;#5a569b;Audi;13
Rori;Warland;4.70.64.156;15/05/2020;#2e3045;Subaru;9
Farlay;Giorgioni;184.93.142.230;18/08/2020;#dcee47;Ford;18
Lorinda;Pidgen;98.182.146.233;21/12/2020;#f732da;Pontiac;25
Barnett;Larrett;20.0.204.61;22/06/2020;#52b995;Jeep;4
Greer;Fawltey;235.190.43.208;09/04/2021;#6611f6;Mercedes-Benz;12
Ophelia;Brockelsby;117.152.168.22;27/04/2020;#5f53a6;Lincoln;14
Ediva;Penhallurick;71.192.100.160;30/11/2020;#978a42;Lamborghini;11
Fionnula;Arthey;54.42.213.252;17/10/2020;#09fa92;Jaguar;13
Huberto;Dearing;144.219.88.252;06/07/2020;#47ead4;Volvo;5
Ermentrude;Biffin;172.18.136.63;01/01/2021;#195e0b;Dodge;16
Torry;Pilipets;11.179.20.212;09/09/2020;#3e3768;Dodge;12
Huntley;Greasley;74.44.17.168;10/12/2020;#0b604e;Ford;17
Taddeusz;Biset;182.249.7.94;23/05/2020;#16121e;Volvo;20
Conrado;Stilgo;117.192.179.31;27/01/2021;#29c44b;Acura;11
Aggi;Cooksey;143.29.109.243;09/04/2021;#e2ad84;Mitsubishi;14
Ardella;Clemens;90.250.8.94;03/03/2021;#0042c7;Ford;24
Berri;Emmert;77.113.121.124;05/10/2020;#4fced6;Shelby;26
Margi;Camier;6.38.241.155;30/09/2020;#17216d;Dodge;12
Heinrik;Rucklidge;4.136.214.165;12/08/2020;#479368;Mitsubishi;28
Carr;Volette;71.36.36.130;08/06/2020;#0b95ea;Honda;21
Reid;Carleton;109.185.69.12;25/09/2020;#a4fccb;Mazda;16
Rickard;Gregs;183.198.87.147;20/12/2020;#534f5f;Honda;28
Sheba;Rounsefell;100.128.4.215;16/11/2020;#5b469a;Land Rover;13
Caldwell;Marshland;233.117.165.238;16/09/2020;#97ca7d;Honda;22
Jocelyne;Harnwell;223.194.168.250;29/11/2020;#c66f43;Mazda;4
Jonas;Giacomelli;78.96.86.207;12/04/2021;#355005;Honda;22
Letty;Manktelow;178.31.13.186;12/02/2021;#7198ab;Aston Martin;24
Louie;Argontt;53.22.79.205;26/05/2020;#975401;Isuzu;6
Jemmy;Bubbear;184.190.136.251;05/10/2020;#b4fb60;Mercedes-Benz;12
Jakob;Finlaison;202.81.149.92;26/09/2020;#3eabff;Mazda;11
Darbee;Gosnall;60.227.89.175;03/07/2020;#6d3dce;Volkswagen;23
Jessamyn;Rainy;103.242.61.60;14/08/2020;#d6f8c4;Chevrolet;16
Gertruda;Wixon;163.233.74.197;18/05/2020;#00f872;Isuzu;30
Zechariah;Newcomb;82.195.4.233;20/09/2020;#971623;Panoz;14
Efren;Hoffner;232.103.235.109;13/02/2021;#4268c9;Scion;13
Elita;Varne;177.183.46.139;27/11/2020;#2e7b8b;Cadillac;29
Mina;Jowers;220.79.130.175;08/06/2020;#15f139;Kia;24
Winston;Bawles;95.16.2.223;18/08/2020;#536560;Volvo;1
Terrie;Goscar;31.126.234.80;07/05/2020;#7917ee;Toyota;22
Trudy;Kollach;123.255.115.43;25/03/2021;#a619d7;Ford;9
Magdalen;Tenbrug;160.254.226.250;14/03/2021;#32f870;Jaguar;13
Reinold;Feldfisher;166.36.230.91;13/08/2020;#667160;Mazda;6
Christa;Barrie;23.106.165.213;27/02/2021;#e8b900;Land Rover;28
Guenevere;Seamarke;95.211.82.235;27/01/2021;#60f426;Mazda;29
Dorian;Welling;205.90.50.149;23/10/2020;#7c03d7;Toyota;7
Eyde;Saunter;74.93.34.188;18/01/2021;#c4de6d;Ford;19
Korey;Bartleman;31.23.21.72;22/09/2020;#c2232c;Infiniti;13
Lenci;Janczyk;85.47.214.210;24/06/2020;#821a75;Ford;2
Bessy;Farfoot;169.19.122.216;27/07/2020;#343229;Kia;1
Kassandra;Philbrook;136.146.22.133;07/10/2020;#1f5ccb;Toyota;30
Tabbie;Soan;67.145.231.192;15/01/2021;#768710;Ford;27
Clemmy;Bugden;20.160.222.71;01/04/2021;#7ef635;Oldsmobile;27
Gerri;O'Kinneally;202.53.177.143;21/10/2020;#1d35ea;Cadillac;18
Seth;Wride;160.138.138.127;26/12/2020;#f5a855;Audi;1
Vite;Ryman;134.10.115.134;20/07/2020;#b7e8a3;Ford;9
Dode;Kiddy;184.146.115.152;26/09/2020;#c09efd;Hyundai;4
Davida;Pickersail;231.13.82.140;03/02/2021;#5a4384;Saturn;4
Clayborn;Grellier;136.90.62.177;21/01/2021;#e5a3b6;Mitsubishi;21
Agatha;MacLleese;131.44.145.19;03/12/2020;#2b606c;Audi;16
Addison;Lempertz;51.106.45.209;28/11/2020;#db5383;Lexus;28
Giulio;Leidl;67.192.214.254;22/12/2020;#ab75da;Nissan;11
Judie;Ricson;24.25.224.166;13/09/2020;#4ad7aa;Mercedes-Benz;8
Erny;Thomesson;84.45.67.214;21/02/2021;#a02605;Jaguar;28
Darwin;Drohun;95.24.115.154;03/12/2020;#b4fb8a;Nissan;1
Zollie;Lunck;205.234.139.191;26/02/2021;#61c8fd;Honda;29
Franciska;Kelly;109.200.177.19;04/01/2021;#079e97;Dodge;17
Joye;Inchley;150.174.230.166;01/04/2021;#0c3868;Chevrolet;11
Kristos;Marler;218.25.127.38;17/09/2020;#8ebfb8;Oldsmobile;8
Cosetta;Jakubczyk;81.186.195.94;09/07/2020;#5a9ade;Ram;9
Mahmoud;Scourgie;120.243.227.47;10/11/2020;#19b511;Nissan;16
Faydra;Artz;98.86.22.67;22/12/2020;#ce62dd;Mercury;14
Nan;Peart;249.139.69.199;16/05/2020;#24c5f3;Jaguar;26
Clem;Dinwoodie;29.231.30.197;08/05/2020;#d53333;MINI;12
Alfie;Jaeggi;198.21.249.9;08/02/2021;#eebaaf;Volkswagen;10
Larina;Radleigh;254.57.125.159;14/10/2020;#69e5c0;Mitsubishi;2
Donal;Wortt;95.14.69.143;06/03/2021;#65521b;Chevrolet;19
Bryanty;Normabell;2.136.85.199;01/06/2020;#d82de6;Mazda;15
Kincaid;Pestor;117.118.190.147;08/04/2021;#a9c768;Nissan;19
King;Samter;167.109.219.181;24/04/2020;#63206b;Scion;30
Abby;Rassmann;124.72.149.214;20/12/2020;#1065a1;Audi;10
Ferrell;Vaughten;146.68.62.100;04/01/2021;#8849b5;Porsche;11
Chloris;Gammidge;119.232.241.124;20/04/2020;#a9ed11;Volvo;13
Abbott;Avramovitz;213.61.10.119;05/11/2020;#b18dba;Buick;14
Rollo;Basini-Gazzi;76.225.213.201;23/01/2021;#30ee60;Hyundai;17
Robinet;Gooderridge;52.11.171.42;19/02/2021;#2ed524;Lexus;5
Marjorie;O' Mulderrig;66.231.133.111;04/05/2020;#7a9be5;Volkswagen;15
Cristobal;David;31.73.142.120;02/08/2020;#1ddf4e;Lincoln;13
Katie;Menauteau;208.198.196.27;04/08/2020;#84f1a9;Mitsubishi;23
Stormie;Wildes;183.169.108.97;14/03/2021;#516894;Mazda;18
Heinrik;Songhurst;156.251.221.22;25/10/2020;#f2a346;Mercedes-Benz;6
Lu;Landis;133.85.165.37;08/06/2020;#3163ec;Pontiac;21
Dolph;Rentenbeck;100.178.83.124;03/07/2020;#359b4a;Ford;2
Shadow;Hele;27.178.94.121;05/08/2020;#3e526a;Holden;14
Rosabelle;Monckman;13.61.175.251;10/08/2020;#29cb85;Honda;9
Kaela;Reece;12.252.235.79;14/10/2020;#2b0ac2;Land Rover;28
Berkie;Callaway;20.174.65.3;19/07/2020;#2618ca;Bentley;11
Gayle;Ungerer;182.16.30.218;07/07/2020;#b1d0e7;GMC;24
Engracia;Downey;183.15.79.52;26/08/2020;#5d63aa;Audi;6
Morgan;Rowett;244.84.52.148;12/11/2020;#8790ce;Mercedes-Benz;13
Cristobal;Meininking;151.204.16.35;12/02/2021;#ed169f;Porsche;14
Querida;Rothery;54.170.104.27;07/01/2021;#05dd62;Isuzu;19
Rudolf;Strowthers;206.145.243.193;29/12/2020;#7d3891;Oldsmobile;14
Alexei;Thurley;141.245.233.99;29/05/2020;#6b7662;Jeep;12
Gibby;Follos;41.224.86.241;25/10/2020;#63c332;Lexus;5
Cariotta;Pengelly;218.8.166.211;06/08/2020;#3f5788;Isuzu;13
Xymenes;Menelaws;244.198.73.115;11/02/2021;#4ac2b8;Nissan;15
Lynnette;Walenta;45.195.136.166;23/10/2020;#120e59;Pontiac;16
Pearle;Jull;84.165.212.247;05/08/2020;#beef79;Mercedes-Benz;28
Gabi;Bellinger;62.5.205.170;04/11/2020;#36107e;Hyundai;1
Amata;Spenley;238.211.77.54;08/06/2020;#dbdbe5;Lexus;18
Wolfgang;Corker;153.73.64.114;11/02/2021;#1f5962;Ford;17
Gisella;Brymner;62.232.17.212;12/05/2020;#fbb7cf;Land Rover;1
Edna;Blackborow;57.213.16.128;11/05/2020;#fa3dfa;Chevrolet;10
Filip;Woodcraft;156.112.162.192;30/05/2020;#efec4d;Ford;8
Sandie;Sommerlie;137.37.191.10;19/06/2020;#0f8edc;Mazda;21
Lenard;Kinsett;75.114.70.19;04/01/2021;#e29153;GMC;18
Justine;Blumfield;159.139.112.104;21/08/2020;#3d524a;Lincoln;12
Nestor;Tineman;12.154.88.150;28/02/2021;#fe8b29;Mercedes-Benz;23
Shawn;Popelay;222.205.67.11;17/01/2021;#6736e6;GMC;28
Faunie;Bercevelo;177.80.125.135;14/12/2020;#513c91;GMC;10
Kylie;Rignoldes;133.251.242.145;14/12/2020;#e3386d;Toyota;3
Garrard;Byfield;10.24.93.63;30/05/2020;#1e0a37;Plymouth;30
Damien;Hayford;18.18.204.22;25/07/2020;#efd46a;Cadillac;18
Clayton;Mahomet;124.238.9.26;09/02/2021;#383b1b;Chevrolet;24
Tamas;Furze;130.150.96.17;05/08/2020;#4e0c92;Mitsubishi;30
Quinn;Gerling;183.181.72.243;01/03/2021;#a440d9;Chevrolet;1
Jodi;Hewlings;251.57.203.70;05/05/2020;#b915af;Cadillac;18
Rene;Crummay;237.181.147.252;03/06/2020;#506612;Kia;2
Page;Bloxsum;109.40.73.186;07/09/2020;#713362;Lincoln;27
Valle;Jermy;134.159.42.80;31/10/2020;#f7bbdb;Lexus;25
Paulo;Prichard;255.203.246.121;13/04/2021;#20e8d3;Mazda;15
Chrysler;Kybert;224.69.193.143;24/09/2020;#20221f;Chrysler;19
Hale;Ledrane;129.176.29.173;15/12/2020;#512699;Cadillac;3
Mitzi;Caldeiro;182.162.179.47;23/11/2020;#7d205b;GMC;24
Omero;Fann;171.86.70.78;13/11/2020;#370129;Cadillac;3
Isacco;Ridge;153.117.41.190;20/06/2020;#a42f35;Acura;5
Renate;Dradey;211.115.176.46;06/02/2021;#f3beb0;Chevrolet;26
Hattie;Rangall;154.156.213.152;07/08/2020;#960228;Saturn;25
Caty;Cattanach;251.105.184.61;17/09/2020;#8073ed;Jaguar;20
Abbie;Neggrini;132.199.76.211;05/11/2020;#2761e5;Honda;25
Gibby;Parradye;210.215.97.214;12/01/2021;#7d8e3f;Mercedes-Benz;29
Jemmie;Youthed;45.246.20.15;28/08/2020;#b549e7;Buick;15
Ev;Lammert;73.163.128.47;19/09/2020;#c5233a;Nissan;3
Northrop;Stennet;254.49.110.164;11/08/2020;#714bc0;BMW;15
Shannan;Dunbar;32.233.56.173;25/06/2020;#7173b8;Bentley;25
Jackie;Girardez;8.50.61.132;21/02/2021;#362af4;Nissan;10
Kassey;Paskerful;232.24.75.73;21/09/2020;#dd1920;Chrysler;18
Rabi;Coldbreath;197.213.103.8;01/07/2020;#d66a25;Ford;23
Evita;Sellen;204.150.73.236;15/05/2020;#d7eba5;Toyota;19
Ardelia;Croxon;163.43.208.197;14/01/2021;#f2b5b4;Toyota;7
Arni;Blemings;227.235.8.45;18/08/2020;#47bff0;BMW;8
Elle;Bloschke;92.133.124.49;02/08/2020;#f31f04;Pontiac;15
Sherwynd;Willers;16.204.3.47;08/06/2020;#a980fa;Buick;9
Alverta;Matthewes;214.117.200.99;23/07/2020;#6b9c60;Land Rover;16
Eben;Focke;13.31.108.209;22/08/2020;#726251;Mercedes-Benz;25
Herby;Lingwood;250.104.59.7;07/12/2020;#52ec46;Ford;29
Rolando;Lemerle;44.170.174.55;12/07/2020;#92043f;Cadillac;29
Ronni;Corringham;245.128.10.254;17/10/2020;#e67b89;Mitsubishi;15
Heddi;Roullier;74.30.78.201;27/08/2020;#9b1e09;Dodge;29
Janean;Grist;41.201.211.216;03/01/2021;#fdc513;Dodge;4
Jillana;Woolner;37.2.46.250;24/07/2020;#60f9e8;Buick;18
Siusan;Lothlorien;188.166.106.57;22/07/2020;#0327ca;Volvo;15
Jehu;Etridge;151.31.8.127;08/01/2021;#82daab;Honda;29
Jens;Rushbury;129.58.204.107;08/12/2020;#5677be;Land Rover;27
Fonzie;Hollows;229.232.40.102;05/01/2021;#d44eed;Honda;30
Don;Tomek;139.36.225.206;01/10/2020;#ec06ad;Buick;21
Celle;Schust;137.183.227.216;19/01/2021;#23e7ec;Volvo;28
Mari;Luxton;249.142.38.57;24/01/2021;#3c7a3a;Ford;6
Max;Frede;249.18.125.1;22/12/2020;#1a4e45;Honda;30
Tremayne;Cofax;193.146.71.241;27/01/2021;#a04140;Saturn;15
Tiphany;Waltering;55.157.204.109;25/05/2020;#7802bd;BMW;16
Obidiah;Sefton;181.12.114.241;02/03/2021;#95a1d0;Volvo;8
Dalston;Janes;108.65.140.216;06/12/2020;#c89257;Toyota;25
Addy;Walcot;140.215.113.33;02/03/2021;#85548e;Chevrolet;25
Viviene;Vigneron;180.133.232.83;13/10/2020;#a23d89;Chevrolet;14
Chastity;Dachs;130.166.247.29;06/01/2021;#f18d76;Hummer;12
Vern;Grodden;42.86.39.40;31/01/2021;#e0540b;Pontiac;26
Ramon;Relf;246.172.161.89;25/07/2020;#f8f7a9;Lexus;18
Linus;Jillitt;240.21.187.28;02/08/2020;#b3e728;BMW;29
Pincas;Carreyette;167.229.92.35;11/12/2020;#d47e91;Saab;20
Gib;Derks;220.164.241.165;12/06/2020;#30650e;Jaguar;4
Tallou;Kidson;35.249.129.49;27/01/2021;#7864c5;Toyota;1
Juli;Berresford;191.255.186.68;23/10/2020;#f5342d;Chevrolet;2
Halsey;Dainty;104.157.206.235;09/01/2021;#c0953c;Toyota;8
Joane;Crewes;134.81.96.100;24/08/2020;#2691b0;Buick;30
Graham;Wakerley;150.212.15.244;13/04/2021;#a98b04;Dodge;27
Raychel;Egan;32.79.101.123;27/10/2020;#1f4300;Saab;5
Hedi;Volcker;98.60.238.205;24/09/2020;#aea460;Volvo;29
Allen;Rykert;100.20.146.95;09/05/2020;#4102fc;Saab;1
Carena;Horlock;57.173.30.105;20/07/2020;#ccc5f4;Nissan;29
Pepillo;Mandrey;112.192.103.31;26/06/2020;#6413fc;Kia;21
Holmes;Gaskins;43.242.110.85;29/04/2020;#1bf783;GMC;26
Consuelo;Ponte;250.149.85.240;21/04/2020;#dfea04;Subaru;29
Brittaney;Scinelli;252.67.243.176;07/06/2020;#7c1145;Subaru;24
Way;Littlemore;110.211.32.154;21/12/2020;#79ec1b;Audi;27
Adah;Tadd;48.218.150.40;17/03/2021;#54b5ad;Dodge;24
Royal;Naisbitt;137.164.2.143;20/10/2020;#66d5c4;Mazda;4
Lari;Dowber;174.81.40.244;03/09/2020;#146db9;Bentley;12
Reggie;Joontjes;118.151.25.78;15/02/2021;#435a68;Hyundai;1
Annelise;Travis;190.8.108.239;17/07/2020;#aa28ff;Chevrolet;24
Guillermo;Stanbrooke;183.139.254.223;11/07/2020;#1bf386;Ford;16
Aubert;Ashe;156.191.41.198;05/09/2020;#c22922;Honda;29
Garek;Holton;47.200.67.60;08/04/2021;#509aeb;Jaguar;10
Adda;Plant;90.61.247.211;14/02/2021;#d7fe41;Chevrolet;15
Melly;Higounet;94.137.73.102;23/02/2021;#5d7d1e;Hyundai;14
Nanci;Van der Daal;134.18.101.44;03/08/2020;#d22e08;BMW;29
Kellby;Reidie;238.135.97.37;15/08/2020;#7dd868;Toyota;2
Flin;Brownsea;26.155.142.128;21/12/2020;#fd79fe;GMC;3
Phillip;Tonn;137.119.181.45;05/08/2020;#10ad91;Buick;1
Devland;Snelgar;101.191.15.98;04/09/2020;#734925;Chevrolet;26
Maye;Jaouen;24.0.140.108;16/11/2020;#d64a2c;Lincoln;21
Catlin;Treves;184.8.32.134;29/01/2021;#ad8d91;Dodge;25
Cart;Langstone;41.62.119.226;10/06/2020;#23793e;Kia;12
Hadleigh;McGrady;2.97.74.97;24/04/2020;#620d84;Chevrolet;29
Alister;Mouatt;57.67.155.123;25/02/2021;#c4c723;Isuzu;27
Cathrine;Tasker;20.133.91.111;13/02/2021;#e263b7;Infiniti;26
Abbie;Obispo;156.185.19.23;14/11/2020;#776344;Audi;1
Dinnie;McCombe;209.64.37.242;15/06/2020;#9ece75;Eagle;3
Eduard;Baniard;0.209.116.234;22/12/2020;#796ddc;Dodge;7
Erik;Mountstephen;101.153.96.62;14/06/2020;#ec9a62;Audi;25
Star;Crawcour;48.121.24.69;03/06/2020;#b97f8d;Ferrari;5
Florenza;Foxcroft;5.240.157.223;14/12/2020;#82cdea;Kia;27
Araldo;Lackinton;102.127.45.26;19/07/2020;#db3a41;Porsche;25
Estella;Crutchley;171.192.221.225;27/10/2020;#350c52;Porsche;20
Kyle;Terrill;124.186.142.148;12/11/2020;#69f165;Buick;29
Joanna;Keyzor;104.98.229.35;11/12/2020;#88295e;Audi;18
Boote;Tuxell;29.0.6.132;04/03/2021;#0ecda7;Land Rover;21
Giovanni;Abramowitz;60.225.170.246;31/05/2020;#92d946;Toyota;25
Bengt;Tompkinson;127.221.67.241;26/09/2020;#2d0bbe;Volkswagen;29
Christian;Jahnke;205.248.116.158;02/03/2021;#b3aaf7;Pontiac;1
Brigham;Laming;231.238.99.65;30/12/2020;#778cfd;Nissan;29
Addie;Portress;76.254.104.160;10/08/2020;#678029;Volkswagen;11
Winny;Orviss;191.101.252.106;18/05/2020;#cab20d;Subaru;11
Sascha;Aimable;19.74.158.116;10/04/2021;#fdc212;Audi;8
Guglielma;Strike;173.44.172.55;29/03/2021;#1ca948;Kia;10
Care;Govern;4.119.39.52;20/05/2020;#4a4879;Pontiac;29
Vinnie;Whitmore;116.77.194.26;23/08/2020;#c10fb2;Infiniti;10
Mireielle;Greystoke;159.16.108.42;18/08/2020;#d3d955;Suzuki;17
Vin;Dadge;4.147.124.41;06/10/2020;#f2b258;Pontiac;20
Aleece;Vannini;180.242.203.50;15/11/2020;#cdaebd;Acura;29
Ianthe;Franchioni;19.123.91.31;07/02/2021;#c32f83;Chevrolet;11
Shepard;Bramford;192.36.78.143;25/05/2020;#d8f3e4;Chevrolet;18
Jaimie;Beton;143.39.151.24;27/10/2020;#f2038c;Mercedes-Benz;9
Netti;Rasch;146.187.88.138;28/09/2020;#7a03a3;Mercedes-Benz;10
Alley;Hubball;145.31.43.166;16/03/2021;#f18597;Ford;22
Konstantin;Codd;208.139.19.41;11/09/2020;#b3d31c;Lexus;20
Nona;Scuse;136.82.160.51;03/02/2021;#257047;Toyota;22
Nahum;Yitzhakof;85.182.14.174;27/03/2021;#f8297d;Ford;5
Donnie;Spieck;1.124.1.49;12/12/2020;#ca889e;Cadillac;23
Victor;Rumsby;7.178.69.202;20/07/2020;#4f06f5;Ford;15
Ardisj;Buesnel;34.204.49.249;22/08/2020;#092bbe;Aston Martin;27
Meredith;Miliffe;171.6.122.151;07/07/2020;#a2cb95;Pontiac;9
Georgeta;Mulligan;67.21.126.242;29/11/2020;#e6f116;Lexus;29
Araldo;Cranmere;2.241.49.211;10/09/2020;#5fd5f3;Tesla;2
Emlynn;Weine;122.57.71.167;15/05/2020;#8f41a2;GMC;1
Quinn;Rojel;119.100.22.240;22/01/2021;#1584e6;Dodge;5
Lonee;Impy;25.175.81.78;19/12/2020;#61939c;Chevrolet;17
Adrienne;Inchcomb;18.35.46.161;13/03/2021;#df2c7f;Chevrolet;12
Eustace;Romaine;77.81.252.173;01/12/2020;#ee8e84;Aston Martin;4
Myrtice;Vido;93.27.247.127;19/12/2020;#b2fd6c;Nissan;18
Cass;Tatershall;186.9.32.131;25/08/2020;#edd694;Jeep;3
Gearard;Duerden;95.27.181.161;12/11/2020;#78f0cb;Subaru;9
Angil;Galbraith;30.165.24.71;17/09/2020;#57a930;Volkswagen;15
Sayre;Gietz;204.93.219.103;07/09/2020;#eba633;Porsche;25
Thibaut;Thornham;128.39.144.156;14/07/2020;#3ea21b;Mercury;26
Nolly;Pantone;197.252.35.128;15/01/2021;#5f4da6;Kia;1
Chiarra;McNeil;36.157.46.70;07/08/2020;#4daa81;Subaru;30
Jeane;Lyddiatt;36.16.101.56;15/08/2020;#59cbe0;Dodge;14
Ivan;Daltry;14.118.112.80;16/10/2020;#c85d30;Toyota;10
Shandie;Eustanch;22.180.76.65;23/06/2020;#ff2694;Dodge;3
Conni;Garrett;59.88.10.174;13/08/2020;#053d93;BMW;4
Coletta;Furneaux;189.107.133.135;18/10/2020;#17792b;Lexus;1
Helene;Salmons;58.94.214.232;16/01/2021;#1d8929;Mitsubishi;23
Yoshi;Gudgion;17.183.247.245;02/06/2020;#523ca6;Chevrolet;20
Nap;Bubbins;69.70.48.44;15/03/2021;#5bda6d;Kia;17
Buckie;Biddles;234.239.87.154;06/01/2021;#97d702;Cadillac;28
Cariotta;Loggie;255.11.38.126;22/09/2020;#667bdc;Suzuki;13
Mordecai;Parmley;124.246.171.251;02/07/2020;#05bb76;Volvo;29
Filippo;Sheavills;76.51.241.148;27/04/2020;#103e3b;GMC;13
Luce;Assard;93.108.73.178;14/08/2020;#287d93;Kia;28
Meghan;Raison;194.22.155.107;22/08/2020;#5ed3f8;Land Rover;11
Prue;Henrichsen;19.201.89.55;01/10/2020;#01f5fa;Chevrolet;18
Ethelyn;De Clairmont;44.190.206.97;11/08/2020;#33b26b;Mercury;20
Robinett;Dunkinson;4.171.21.209;04/11/2020;#21510a;Ford;6
Ephrem;Rydings;250.15.90.126;15/04/2021;#0e03d1;Porsche;15
Bordie;Cavill;237.251.55.30;22/10/2020;#58b915;Honda;1
Colin;Jandera;244.251.67.229;04/04/2021;#ac0c88;Volkswagen;23
Lenard;Friel;60.193.115.239;24/03/2021;#d57925;Chevrolet;11
Josepha;Morgon;43.170.137.42;07/09/2020;#4cdbb2;Isuzu;28
Devy;Element;222.213.110.88;24/04/2020;#08b7a6;Suzuki;15
Keeley;Dyers;96.52.254.145;07/01/2021;#908749;Subaru;2
Lauretta;Bearsmore;228.117.124.253;05/10/2020;#e3b82a;Cadillac;27
Stacy;Gargett;65.48.87.75;17/02/2021;#f318ff;Nissan;22
Aguie;Jachimczak;118.224.91.97;15/11/2020;#bacd23;Ford;28
Parsifal;Eyton;4.5.89.65;24/01/2021;#bc2db9;Land Rover;19
Kristoffer;Cribbott;124.170.226.178;04/11/2020;#5b0f4a;Honda;18
Cairistiona;Dyson;182.241.36.196;08/12/2020;#c9b29d;Bentley;24
Ardith;Zammett;72.205.72.214;01/09/2020;#90a775;Plymouth;19
Talyah;Kegan;69.92.0.141;20/10/2020;#8e4f96;Ford;10
Ronnica;Liepins;77.201.232.228;24/03/2021;#7de278;Plymouth;16
Lizzy;Pinches;150.207.72.221;03/10/2020;#c8b022;Lexus;19
Nickolas;Bartke;177.198.223.80;21/11/2020;#c18d1d;Honda;4
Silva;Guisler;204.21.220.165;30/11/2020;#2a3f78;MINI;20
Steward;Leigh;25.235.5.146;29/08/2020;#18a7d7;Pontiac;25
Arlina;Ferreri;165.109.53.66;01/04/2021;#ab2e6e;Volkswagen;3
Jacinta;Rigney;151.215.134.30;11/05/2020;#e0b3a3;Mazda;28
Adel;McIllroy;169.107.181.50;12/04/2021;#4d8a80;Ford;13
Lorin;Bartusek;20.63.253.140;27/06/2020;#2a523a;Pontiac;7
Ailee;Hector;196.247.178.245;19/07/2020;#da9dbc;Lincoln;13
Emilie;Paulino;185.74.147.146;20/05/2020;#ff4527;Toyota;23
Brittaney;Andrejevic;225.89.91.98;27/03/2021;#915581;Fiat;10
Jessa;Klossmann;156.209.61.111;27/07/2020;#3e603c;Dodge;13
Clint;Loton;195.145.106.138;31/01/2021;#1a891a;Toyota;17
Eilis;Darycott;148.224.120.145;28/09/2020;#4cb26d;Mitsubishi;1
Tiphany;Johann;195.231.16.139;09/06/2020;#01eccc;Porsche;20
Sanderson;Wannan;226.247.130.118;20/03/2021;#7fc4a9;Saturn;5
Harland;Quarmby;148.183.149.83;22/12/2020;#6922f1;Nissan;4
Bobbye;Laverack;72.228.85.169;21/05/2020;#8cf4bb;Buick;9
Manon;McPhillimey;162.70.116.234;06/03/2021;#e5038c;Lotus;17
Maximilianus;Stollberg;15.121.222.149;07/01/2021;#078df3;Chrysler;9
Zorah;Chazerand;172.0.116.134;04/01/2021;#8f17b6;Toyota;8
Gloria;Edwins;203.98.88.52;28/09/2020;#cccf4f;Toyota;26
Clerissa;Tiltman;152.189.93.221;03/09/2020;#253b78;Mitsubishi;19
Selig;Hall;95.63.103.119;27/03/2021;#1271e8;Nissan;18
Jojo;Richt;22.231.254.13;02/05/2020;#f83272;Mercedes-Benz;10
Rosaline;Grishukov;13.88.196.150;10/06/2020;#62e8a9;Chevrolet;12
Rees;Mulligan;135.122.70.14;09/04/2021;#52eeec;Land Rover;17
Agace;Grinvalds;122.163.212.15;18/09/2020;#ab706e;Ford;13
Celisse;Sheen;47.104.198.107;11/05/2020;#b8ec4e;Ram;5
Roddie;Baldinotti;60.213.252.25;19/01/2021;#b49846;BMW;9
Tasha;Coltherd;177.35.193.18;10/11/2020;#e083fa;Mazda;12
Wain;Donnell;119.53.226.7;14/08/2020;#bdb0ff;Mercedes-Benz;10
Cloe;Mordaunt;22.127.162.111;22/04/2020;#384067;Chevrolet;12
Charissa;Penlington;1.65.160.90;01/12/2020;#f9211f;Oldsmobile;24
Ruth;Rignoldes;115.21.121.199;20/06/2020;#d5799d;Ford;28
Margie;Lavigne;179.234.45.135;23/10/2020;#f8ac92;Mitsubishi;25
Korey;Bourbon;123.156.10.212;02/02/2021;#e4d5b4;Ford;15
Ilysa;Bernardes;95.160.209.68;09/11/2020;#0ee6f2;Hyundai;14
Parnell;Gwynne;34.195.125.98;23/07/2020;#1a0698;Kia;10
Kathie;Yeatman;7.74.147.85;31/01/2021;#52461c;Dodge;13
Liane;O'Carroll;24.255.30.254;23/11/2020;#f4cd8c;Mitsubishi;28
Sasha;Woolhouse;182.18.230.53;19/04/2020;#6144de;Chevrolet;19
Elisabeth;Posnette;182.108.170.87;19/07/2020;#17a3a2;Eagle;24
Wit;Puleque;180.233.198.84;29/03/2021;#fc44e0;Porsche;26
Johann;Wintour;217.135.134.168;12/08/2020;#a67f3d;Honda;25
Upton;Keat;219.192.168.99;30/08/2020;#265e94;Toyota;9
Cinderella;Gonsalo;181.215.60.147;01/01/2021;#0f6473;Kia;12
Bobbie;Chance;235.109.160.97;07/03/2021;#420fba;Mitsubishi;2
Edeline;Carder;21.190.87.170;08/01/2021;#f4fb5a;Jeep;27
Eveleen;Grenkov;22.9.51.147;04/12/2020;#af8d18;Saab;18
Jody;Hurcombe;85.39.136.91;24/10/2020;#90f537;Toyota;2
Steven;Plascott;178.179.216.127;19/10/2020;#019520;Chevrolet;20
Pate;Carnaman;59.15.245.224;01/09/2020;#8b60bd;Pontiac;20
Bary;Greir;188.138.142.17;29/01/2021;#f20192;Infiniti;27
Sibilla;Barwood;104.185.88.191;13/10/2020;#4a3450;Mercury;3
Kelwin;Pren;52.200.99.156;30/01/2021;#438002;Pontiac;9
Virgilio;O'Dempsey;192.151.2.209;26/03/2021;#161df8;Jeep;8
Conney;Winslade;135.22.34.197;02/11/2020;#7fdf94;Mercedes-Benz;5
Dud;Rowbury;187.68.5.38;20/12/2020;#507b93;Honda;7
Adrienne;Bisgrove;150.141.159.236;11/06/2020;#aa2d6c;Porsche;18
Lucretia;Fosh;131.33.167.186;16/11/2020;#dd76af;Lexus;8
Griff;Diggons;155.17.237.166;29/10/2020;#4757f5;Plymouth;27
Cathlene;Taphouse;223.76.192.203;21/11/2020;#a3e164;Acura;27
Kassandra;Sully;118.146.158.114;16/07/2020;#304ac0;Ford;26
Mufinella;Bortolozzi;216.238.142.242;14/01/2021;#4a1b60;Lexus;4
Thom;Hugnin;132.157.12.231;01/06/2020;#3f8526;BMW;22
Darrell;Bickerdike;51.197.109.221;01/08/2020;#01cb98;Buick;6
Perkin;Bowich;99.113.208.11;18/12/2020;#59d84c;Nissan;15
Bailie;Behrendsen;180.248.80.230;22/01/2021;#b3b9ba;Eagle;22
Juli;Linebarger;36.81.5.70;05/03/2021;#eae399;Smart;17
Magdaia;Scholard;177.142.25.105;25/02/2021;#5b23da;Chevrolet;6
Cash;Adran;235.104.105.164;29/09/2020;#a0fee3;Land Rover;21
Elsworth;Janeway;85.5.33.38;26/11/2020;#bd2306;Mazda;20
Dido;Wathall;12.95.102.206;22/07/2020;#9a7a39;Dodge;24
Liane;McKeady;105.251.98.159;19/02/2021;#b1278c;Volvo;28
Ernestus;Umpleby;140.77.255.16;21/12/2020;#ce3d95;Geo;7
Rosalinde;Casillis;158.228.219.171;18/10/2020;#dc5155;Buick;11
Alvan;Seaborne;153.53.216.2;31/12/2020;#fdfd94;Lincoln;9
Sherwin;Spriggs;217.184.186.49;09/07/2020;#2640c1;Mitsubishi;9
Constantina;Callan;121.95.113.137;02/04/2021;#a7a449;Chevrolet;10
Giacomo;Spadari;109.206.197.254;10/10/2020;#289866;Infiniti;25
Noami;Stener;245.254.128.67;22/05/2020;#b0751c;Ferrari;9
Nady;Deeny;167.137.33.218;11/06/2020;#5f0224;Pontiac;13
Pippa;Robbins;167.200.186.2;13/08/2020;#a050c1;Lexus;24
Alastair;Metterick;247.19.23.105;19/10/2020;#9963e5;Ford;11
Ileane;Giannassi;86.233.105.96;15/06/2020;#0c924b;Chevrolet;23
Chickie;Streak;149.77.159.246;26/06/2020;#000793;Pontiac;8
Kirby;Tanton;134.115.100.168;30/09/2020;#443f96;Honda;15
Nan;Waything;251.255.101.53;13/04/2021;#92e4a7;Hyundai;1
Raeann;Vasentsov;193.36.39.213;05/11/2020;#711466;Dodge;27
Monah;Ramirez;113.110.174.85;30/12/2020;#87f7a5;Buick;6
Viviana;Dyzart;26.122.122.112;17/02/2021;#77e371;Acura;9
Henriette;Farrand;159.175.126.119;25/04/2020;#311ccd;Ford;23
Aguste;Kennicott;155.246.134.1;07/01/2021;#1317d8;Kia;18
Timothee;Wike;20.85.169.87;18/12/2020;#8580dc;Ford;7
Sherman;English;206.204.232.238;22/07/2020;#549bc2;Mercury;23
Jaymee;Lanyon;52.242.174.222;10/05/2020;#df5b92;Mercedes-Benz;30
Judith;McGuckin;138.56.26.212;22/04/2020;#e29bdc;GMC;25
Halimeda;Varley;83.60.237.107;22/03/2021;#b17c1d;BMW;10
Durand;Pundy;161.170.25.154;15/07/2020;#e78636;Subaru;1
Bendite;Portwaine;50.254.73.191;12/04/2021;#b6e2d4;Chevrolet;5
Shoshana;Kitlee;243.147.92.86;17/09/2020;#12c4bf;Nissan;30
Sabina;Wingeat;17.126.6.83;08/11/2020;#d29caf;Chrysler;26
Allys;Murfin;249.199.46.130;30/12/2020;#cd0225;Suzuki;22
Lyndell;Stuchburie;173.239.70.166;28/04/2020;#9ac8e1;GMC;6
Rosene;Carvill;92.104.15.11;20/04/2020;#db2fdf;Saab;15
Marsiella;Eliaz;254.108.253.248;04/05/2020;#325281;Mercedes-Benz;16
Mortimer;Armour;79.202.167.219;07/12/2020;#ec8a03;Chevrolet;12
Sharity;Campaigne;186.156.156.253;08/12/2020;#03849a;Ford;15
Lorain;Guirardin;248.139.106.244;05/11/2020;#3382ae;GMC;29
Tab;Van der Merwe;114.172.115.195;08/08/2020;#009ae7;Dodge;5
Tulley;Pedgrift;8.207.173.239;21/05/2020;#9c286d;Buick;17
Carolyne;Lewsey;122.1.232.199;09/01/2021;#18401b;Lincoln;2
Tawnya;Vanyushkin;98.55.221.233;13/06/2020;#c3d6ea;Mazda;13
Finley;Hobgen;229.191.250.155;26/04/2020;#9d411f;Isuzu;9
Cordie;Cadigan;199.52.129.56;16/04/2021;#4ebfcd;BMW;29
Gilemette;Frape;135.50.237.39;09/09/2020;#6cea30;Subaru;4
Glennie;Oubridge;127.82.145.99;11/06/2020;#997b62;Honda;20
Rozamond;Jendricke;255.27.137.161;18/08/2020;#329dc7;Land Rover;29
Lynett;Riordan;130.237.180.199;01/01/2021;#1ac20b;Volkswagen;7
Aaren;McBoyle;68.61.8.187;05/09/2020;#38dc3a;Chrysler;3
Federico;Laughtisse;44.9.152.208;30/03/2021;#f4c0f7;Ford;17
North;Coulter;126.219.10.72;17/05/2020;#9e75ec;Volkswagen;17
Millisent;Maillard;57.175.113.78;11/01/2021;#879ccb;Dodge;15
Dun;Elleyne;38.60.25.116;20/12/2020;#ee4974;Chevrolet;22
Annabel;Litzmann;225.18.12.196;05/06/2020;#653c36;Jeep;26
Laurianne;Berthe;84.172.42.254;13/12/2020;#cb8de5;Mazda;29
Corrie;Tollerfield;112.126.143.3;04/03/2021;#122caf;BMW;2
Aldrich;Faveryear;72.244.233.140;10/02/2021;#7ab08f;Suzuki;15
Loleta;Stoving;247.88.165.86;17/04/2021;#24899c;Honda;1
Berta;Wilmot;86.116.99.74;01/08/2020;#ba16ab;Buick;28
Darius;Sainte Paul;245.10.211.213;24/10/2020;#82456c;Toyota;11
Jay;Harner;8.244.70.28;02/04/2021;#9f21a9;Chevrolet;19
Gipsy;Calwell;209.18.241.70;26/04/2020;#885feb;Hyundai;2
Kalil;Lavall;110.138.50.141;30/03/2021;#057a2b;Saturn;11
Maison;Livsey;235.95.113.85;18/10/2020;#4d307c;Maserati;20
Lesli;Cottis;243.242.72.3;02/07/2020;#96ce3f;Chrysler;4
Norman;Latus;163.48.93.8;26/10/2020;#352ee7;Volvo;4
Ermanno;Bulch;218.253.0.99;20/12/2020;#213ee0;Suzuki;27
Danice;Bavage;199.228.101.139;16/04/2021;#45f1b4;Mercedes-Benz;1
Lucia;Kovnot;67.191.188.63;18/12/2020;#d019a5;Hummer;8
Tyrus;Manes;7.203.217.240;23/03/2021;#99e277;Ford;13
Sidnee;Checchi;139.34.247.153;21/06/2020;#6650bf;Volkswagen;26
Alick;Rebbeck;125.242.30.216;04/07/2020;#547017;Kia;4
Graham;Hazelton;183.131.116.255;13/04/2021;#7849eb;Citron;2
Sterling;Avrahamov;230.39.221.202;08/02/2021;#f45b8f;Mitsubishi;26
Norina;Deboick;145.3.126.209;28/10/2020;#8b4822;Dodge;9
Tadeo;Godsal;33.38.46.131;18/07/2020;#19ec07;Lexus;20
Ezequiel;Cressy;252.29.18.238;05/11/2020;#9de2b6;Ford;1
Myriam;Ebunoluwa;153.199.0.179;21/08/2020;#5cb96b;Mercury;7
Adolphus;Gilleson;231.250.20.64;31/05/2020;#2eba31;Pontiac;2
Barny;Devall;212.234.79.92;11/01/2021;#c89bf6;Lexus;3
Artus;Spargo;48.27.58.195;22/08/2020;#7efd68;Chevrolet;28
Harwell;Clinch;83.233.21.7;23/01/2021;#292af4;GMC;18
Em;Pountney;166.72.15.47;21/12/2020;#7549bd;Audi;6
Faber;Ferentz;65.175.210.254;25/07/2020;#7a6416;Chevrolet;15
Jade;Cotta;219.232.30.230;01/01/2021;#e12935;Ford;25
Bastian;McCallam;30.240.93.155;23/04/2020;#0cb89d;Volvo;17
Zaccaria;Sherbrook;100.10.240.147;28/07/2020;#d74c47;Aston Martin;15
Della;Baike;249.159.213.207;01/11/2020;#a5854d;Honda;3
Toddy;Say;75.176.91.104;16/06/2020;#d3f44a;Nissan;9
Rudolf;McEvon;131.190.34.47;06/10/2020;#c830c9;Kia;30
Rachel;Brayne;122.129.168.68;03/12/2020;#085f63;Toyota;2
Derrek;Parkins;215.70.204.239;27/03/2021;#3020a9;Chrysler;27
Sander;Kleinmintz;238.227.80.232;11/07/2020;#248bba;Saab;8
Gaston;MacAne;175.160.109.196;23/04/2020;#bda684;Mercedes-Benz;17
Talbot;Dupree;95.212.28.225;30/05/2020;#e32e57;Pontiac;22
Pearline;Jarrard;221.172.133.172;05/07/2020;#664944;Toyota;1
Betta;Alasdair;187.243.239.224;07/05/2020;#ac43da;Nissan;19
Tiffi;Timlin;120.202.85.214;01/07/2020;#05f89e;Toyota;14
Phelia;Overel;63.97.138.27;27/10/2020;#db944c;Land Rover;28
Lenee;Lyes;214.12.77.233;26/09/2020;#75dbe4;Ford;29
Ricoriki;Sheran;101.191.104.12;23/03/2021;#417838;Pontiac;17
Kip;Yglesia;150.92.6.130;29/03/2021;#dd2925;Chevrolet;23
Bobbie;Frounks;230.189.105.240;30/12/2020;#61c098;Dodge;11
Beck;Brettel;177.187.168.132;03/08/2020;#584f9d;Lexus;7
Haskell;Do Rosario;181.130.117.164;11/09/2020;#1bd830;Cadillac;27
Nellie;McCrachen;127.176.224.236;20/01/2021;#75fdc3;Mazda;24
Brion;Rapport;125.243.11.106;02/05/2020;#b63111;Audi;5
Pollyanna;Clementson;98.52.14.124;16/11/2020;#5f1ec3;Ford;2
Jeannie;Pautot;135.255.51.151;13/01/2021;#237501;Infiniti;6
Guthrey;Dairton;149.61.23.15;08/03/2021;#c04b5a;Mazda;19
Cris;Crocombe;255.82.167.171;28/11/2020;#677f65;Mercury;16
Tyson;Avann;232.233.130.37;13/09/2020;#83bffc;Ford;4
Dionisio;Mansion;77.75.228.62;05/11/2020;#4ffa14;Chevrolet;5
Erma;Ioannou;111.77.28.140;27/08/2020;#8789f7;Mazda;14
Hervey;Lynn;244.29.75.96;01/07/2020;#63be50;GMC;20
Simona;Godding;123.48.233.246;11/05/2020;#a7dd6e;Mercedes-Benz;22
Lurette;Guerra;16.245.207.140;04/01/2021;#d89e74;Chevrolet;11
Scarface;Beevor;130.240.70.137;28/07/2020;#8f1d83;Dodge;3
Alikee;Drexel;29.188.72.57;08/06/2020;#6ca429;Ford;28
Sydelle;Scud;140.241.18.244;10/05/2020;#906425;Jeep;29
Guillaume;Kerley;134.80.12.29;22/05/2020;#c02e4b;Ford;11
Goldie;Satch;189.79.36.217;07/12/2020;#5db13e;Hyundai;11
Annnora;Sacks;223.151.218.222;04/05/2020;#c47371;Lexus;24
Carmelle;Oliveti;172.237.116.9;19/07/2020;#31dd0c;Mazda;28
Roshelle;Laurent;250.113.19.106;27/11/2020;#480039;Lexus;20
Jeanie;Tollow;110.210.158.73;19/05/2020;#d697fc;Saab;11
Pammy;Pitcher;105.11.20.100;18/05/2020;#372289;Kia;26
Matteo;Corwood;112.11.135.202;29/12/2020;#d05cad;Subaru;22
Leanor;McMorran;15.232.26.99;11/02/2021;#bea763;Mercedes-Benz;28
Shaylynn;Merrin;58.127.207.207;28/06/2020;#d5344e;Pontiac;20
Darla;Lidstone;36.106.48.245;11/05/2020;#2a9ac9;Mercedes-Benz;19
Boyce;Bowick;120.195.87.61;17/01/2021;#d0b653;Toyota;29
Barbabas;Groucock;164.29.235.212;13/12/2020;#a6b4f5;Mazda;29
Paxton;Jollands;167.176.130.228;30/07/2020;#0d0562;BMW;14
Guthrie;Verne;207.38.21.117;18/01/2021;#0d5649;Suzuki;18
Rosella;Tighe;162.97.70.45;19/01/2021;#01d220;Lexus;20
Elladine;Sprason;69.219.133.237;11/11/2020;#7ec85f;GMC;28
Ronda;Trobe;160.88.48.101;11/12/2020;#a19175;Porsche;6
Dexter;Child;76.57.115.64;02/01/2021;#053f44;Eagle;11
Hermione;Wines;210.91.124.18;18/08/2020;#03aa84;Saturn;10
Gabriella;Boord;248.38.150.95;12/01/2021;#181128;Jeep;12
Dania;Gamble;232.241.147.175;08/06/2020;#eb9b1b;Ferrari;1
Norina;D'Oyly;189.250.31.140;28/06/2020;#d3a344;Toyota;10
Nance;Slegg;53.126.76.12;30/01/2021;#baa431;Buick;9
Addia;Haberjam;27.44.2.240;29/10/2020;#45f7f9;Ford;19
Anissa;Drinkhill;252.46.84.7;14/10/2020;#7152d3;Mitsubishi;4
Conney;Callery;240.96.47.237;17/01/2021;#28c059;Volvo;15
Mar;Kobus;119.84.97.89;14/09/2020;#d78cb7;Buick;1
Felic;Hallick;196.163.248.38;17/10/2020;#bd37be;BMW;28
Drugi;Duro;95.53.82.50;04/06/2020;#3074a8;Ford;8
Reuven;Craze;185.126.205.153;22/03/2021;#54bfc1;Lamborghini;22
Dallis;Waggitt;80.145.10.233;25/02/2021;#04c217;GMC;29
Sheppard;Le Grice;74.209.35.61;29/03/2021;#936adb;Toyota;10
Giulia;Dadley;221.99.30.64;16/05/2020;#3488ae;Ford;6
Jim;Jerred;183.68.139.85;24/09/2020;#268e74;Honda;13
Felice;Byrnes;223.212.251.238;23/07/2020;#32814e;Chevrolet;25
Germain;McCaughan;195.188.153.183;28/06/2020;#71798c;Mercury;9
Sonnnie;Kearey;168.134.145.58;11/07/2020;#bc5819;Pontiac;2
Rowena;Grafom;22.130.99.38;29/12/2020;#eab240;Lexus;27
Kristine;Wathen;120.243.37.127;15/12/2020;#cd7074;Cadillac;19
Loria;Vasilmanov;225.184.222.227;06/10/2020;#daaee1;Chevrolet;7
Marita;MacLeod;145.133.255.5;20/11/2020;#d009e1;Nissan;27
Jody;Budnik;32.102.94.59;01/12/2020;#01f082;Plymouth;24
Aridatha;Jakoub;14.77.148.194;01/01/2021;#aa509e;Porsche;7
Estelle;Winterton;209.87.26.215;21/02/2021;#670c01;Volvo;22
Shae;Haggas;122.123.253.2;03/03/2021;#5b9e96;Buick;11
Alden;Loftus;121.107.93.54;05/02/2021;#500f15;Pontiac;22
Ellyn;Wong;97.5.152.102;09/07/2020;#ac3203;Honda;22
Percival;Haward;106.67.42.108;22/02/2021;#379535;Audi;22
Alexis;Peacocke;216.70.162.198;04/05/2020;#5b4a18;Ford;23
Bernarr;Ubsdale;44.17.179.198;08/11/2020;#63ea3a;Infiniti;21
Buddie;Legging;155.176.140.114;29/06/2020;#af4051;Chevrolet;9
Lyndsay;Dyka;145.150.13.218;30/04/2020;#7bd2af;Cadillac;23
Grange;Kyston;72.191.242.194;16/05/2020;#e9b2c1;Ford;2
Sam;Limbert;208.54.198.45;28/08/2020;#2f93ca;Plymouth;12
Vanya;Laister;134.192.174.3;08/01/2021;#8ce1d7;Chrysler;4
Eleanore;Fairlie;86.73.104.14;01/02/2021;#985e5b;Ford;8
Fleur;Kleinhaut;230.76.127.190;16/12/2020;#d850ca;Chevrolet;8
Karlie;Atwool;83.173.212.209;11/03/2021;#2eff3a;Bentley;26
Vanna;Bernardeschi;209.125.112.149;14/02/2021;#bc1979;Kia;24
Callean;Dodson;35.99.42.248;14/01/2021;#c3c10e;Mercury;16
Dina;Grocutt;177.198.156.28;01/12/2020;#a925f7;Kia;26
Chase;Baake;167.228.78.233;10/02/2021;#1d83ad;Chevrolet;2
Seward;Meneely;118.235.117.103;30/10/2020;#cb5dc5;Dodge;4
Gina;Lugg;127.129.46.237;16/07/2020;#248f3c;Dodge;18
Dyann;Shipcott;82.159.147.111;28/03/2021;#e6c8db;Mitsubishi;2
Kevina;Heape;95.109.225.180;02/06/2020;#a5c749;Dodge;5
Tally;Cattermull;169.49.37.158;24/03/2021;#dace7a;Volkswagen;12
Amalee;Gosenell;215.109.218.220;05/05/2020;#4c4a54;GMC;17
Wilone;Dowdall;254.53.9.168;17/06/2020;#bd69f3;Ford;27
Sheila-kathryn;Cordeau];186.225.121.224;06/08/2020;#16d993;Mazda;18
Torrie;Ballentime;81.173.32.173;10/09/2020;#becedd;Mitsubishi;21
Izak;Slaughter;51.180.76.177;21/08/2020;#6c7423;Dodge;2
Germaine;Kuhl;182.137.122.119;28/12/2020;#ce5f6e;Chevrolet;6
Pollyanna;Padgham;191.103.174.147;30/03/2021;#5e2fd7;Honda;29
Casar;Hemstead;87.164.162.47;07/01/2021;#a7c3b5;Nissan;18
Karel;Seeley;239.166.122.147;13/05/2020;#ddf33a;Mitsubishi;6
Ramsay;Scotchmore;6.151.181.179;15/09/2020;#0c7318;Honda;21
Haywood;Bramont;248.77.109.129;18/02/2021;#838b51;Mercedes-Benz;22
Kippie;Dannett;191.181.139.182;15/02/2021;#4aa790;Land Rover;30
Gus;Longmire;5.103.53.242;31/08/2020;#fe70bd;Volvo;4
Rhetta;Campione;199.114.245.56;16/05/2020;#345ae4;Jeep;8
Naomi;Senecaux;114.180.26.232;14/12/2020;#c40bfe;Mitsubishi;17
Delaney;Tynnan;235.139.208.71;04/05/2020;#f0362a;BMW;27
Kennan;Po;11.107.255.97;15/11/2020;#54621f;Mazda;4
Elisa;Tumilson;232.188.16.79;07/08/2020;#056877;Mercury;3
Jemmy;Keeling;214.184.38.9;05/11/2020;#619ab3;Mercury;17
Cosetta;Odell;140.115.158.246;25/07/2020;#36831d;Volvo;17
Bette-ann;Lattie;213.121.158.3;29/01/2021;#2cb8f8;Cadillac;20
Annalise;Deavin;215.28.24.164;08/09/2020;#486c4f;Jeep;6
Iseabal;Lomasny;27.64.145.56;23/11/2020;#650253;Mitsubishi;3
Dorie;Kilduff;56.128.222.68;05/11/2020;#59e466;Bentley;16
Krispin;Romaint;83.9.112.255;22/11/2020;#9a9b2a;Mitsubishi;4
Richie;Mawhinney;52.176.210.215;06/11/2020;#b0cf04;Maserati;25
Ham;Fowler;70.75.236.130;03/02/2021;#8f9a69;Toyota;6
Olympia;Couvet;31.143.220.220;03/07/2020;#525876;Mitsubishi;12
Terri;Wickie;57.108.231.175;09/08/2020;#32f69c;Audi;18
