13221;Toyota;true;68437;Donny
828;Lexus;false;94047;Shirline
13243;Mazda;false;70861;Klarrisa
4647;Chevrolet;true;98827;Tobias
6548;Dodge;true;7640;Hatti
14531;Nissan;true;63631;Garrard
16563;Dodge;true;10970;Nadean
13591;Kia;false;80310;Dimitri
4573;BMW;true;41091;Sheridan
11793;Bentley;true;48004;Windy
9306;Mercedes-Benz;false;4295;Reid
10755;BMW;true;60295;Herrick
5062;Mazda;true;94713;Karalynn
10307;Mercury;true;46215;Wheeler
13995;Mazda;true;99233;Odella
12307;Audi;true;92762;Natalya
6828;Hyundai;false;35595;Darci
19339;Cadillac;false;61583;Galvan
5498;Suzuki;false;94564;Theda
11692;Dodge;false;83482;Pyotr
4492;Mercedes-Benz;false;52279;Franky
414;Chevrolet;true;6110;Antonetta
10416;Infiniti;false;32268;Willis
4371;Mazda;true;10393;Art
8248;Ford;false;74895;Celestina
17661;BMW;true;49745;Vinita
2652;Mercedes-Benz;false;93804;Barnie
739;Mitsubishi;true;59982;Mechelle
15071;Jaguar;true;2545;Saundra
18169;Chevrolet;true;89587;Sharron
16961;Maserati;false;29598;Lillian
18762;Lexus;true;15927;Lacy
537;Chevrolet;true;54891;Steven
4503;Toyota;true;6166;Caren
16430;Chrysler;true;1027;Sella
11745;Volkswagen;true;59853;Quintilla
19146;Nissan;true;63688;Brewster
9726;Scion;true;98260;Morry
9356;Jaguar;false;92098;Aurore
10491;Kia;true;37579;Maire
11139;Chevrolet;true;56024;Johnathon
17777;Mercury;false;56346;Rollin
16206;Pontiac;true;76965;Dianemarie
4533;Porsche;true;48959;Sybil
7813;Mercury;false;92106;Zebulen
1195;Ford;false;98579;Lia
10897;Nissan;false;32649;Che
3477;Lexus;false;98723;Rooney
15896;Ford;true;38934;Deedee
42;Pontiac;false;17329;Kailey
8836;Dodge;false;10573;Gerladina
12484;Ford;true;77339;Wes
14833;Chevrolet;false;57031;Christine
12990;Mitsubishi;true;52109;Tressa
883;Cadillac;false;13318;Abbie
3859;Oldsmobile;true;33589;Lovell
5699;Lincoln;false;56619;Mathe
12894;Mazda;true;5044;Shawn
3029;Oldsmobile;false;71805;Kimmi
6224;GMC;false;88073;Sadye
6821;Chevrolet;false;44587;Julieta
826;Volkswagen;false;6477;Reinhold
13773;Ford;true;3110;Ava
13175;Honda;true;67117;Sharai
15791;Oldsmobile;false;72050;Carina
10446;Volkswagen;false;25222;Carmencita
1227;Audi;true;22977;Shellysheldon
409;Honda;true;26665;Luella
18528;Ford;true;54986;Grover
4480;Audi;false;949;Blakelee
14021;Cadillac;true;7266;Judith
8086;Ford;false;51582;Koren
9336;Volvo;false;47973;Thomasin
4169;Volvo;false;55686;Jerrold
6470;Lotus;true;19565;Viola
12850;Chrysler;false;25150;Tedi
8876;Hyundai;false;64578;Danielle
13282;Buick;true;22789;Geneva
14929;Buick;true;41456;Kearney
5956;Hummer;true;76830;Richart
9131;MINI;false;7541;Ula
9985;Cadillac;false;75799;Sophi
10583;Infiniti;true;63223;Ivar
3626;Honda;false;3525;Darb
11949;Chevrolet;false;27311;Sayres
15309;Buick;true;76568;Virginia
15678;Kia;true;37231;Barbabra
14208;Buick;true;66122;Danielle
6911;Mitsubishi;false;722;Gorden
5308;Chevrolet;false;54139;Gayelord
12897;Lamborghini;false;78838;Lucias
11469;Infiniti;false;49065;Celesta
7675;Chevrolet;true;92137;Modestia
18965;Lincoln;false;9593;Tarah
9342;Acura;false;13325;Domenic
10898;Lexus;false;33375;Goldia
14286;Audi;true;26421;Mariam
16455;Subaru;false;32076;Damian
2145;BMW;false;7855;Candy
16843;Oldsmobile;false;17981;Elyn
14702;Pontiac;false;76746;Tarrance
87;Chevrolet;false;60666;Avictor
5870;Buick;false;46806;Izak
10879;Lincoln;false;76930;Fidelia
19438;Kia;false;78960;Al
4450;Chevrolet;true;28918;Donnajean
4257;Hyundai;true;87123;Broderic
4895;Lotus;true;42691;Annemarie
16272;Honda;true;61379;Doralyn
15562;GMC;false;63460;Christin
3961;Nissan;false;56633;Alvan
12696;Buick;true;73502;Alvina
18465;Volvo;true;68819;Tad
19110;Mercury;true;21985;Jeannine
9650;Ford;false;98517;Madlin
12546;Toyota;true;85096;Ganny
15658;Lexus;false;69478;Xavier
1710;Volkswagen;true;15266;Thea
7059;Honda;false;52287;Avril
7483;Acura;true;74495;Robin
661;Audi;false;2061;Prudi
11767;Ford;true;81965;Manya
4788;Hyundai;false;33516;Tonia
7461;GMC;false;65623;Gideon
4868;Land Rover;false;11662;Joellen
247;Audi;false;62698;Gerrilee
3789;Chevrolet;false;80640;Shayna
11965;Honda;false;9945;Linnet
4020;Mazda;true;78372;Xerxes
2054;Saturn;true;19590;Carlene
7981;Chevrolet;false;62661;Josh
18886;Oldsmobile;false;91999;Frederique
2707;Toyota;true;28155;Randi
18455;Toyota;true;285;Florentia
15685;Ford;false;16861;Emilio
12788;Mitsubishi;true;3706;Colman
2450;Mercury;true;23942;Blondelle
8052;Dodge;false;65625;Gradeigh
10968;Isuzu;true;73642;Tarrah
18568;Kia;false;58150;Kissie
14868;Lotus;true;48483;Anissa
5113;Porsche;false;64703;Kriste
8036;Honda;false;47331;Kalie
11305;Ford;false;47277;Scarlet
11207;Mazda;false;27872;Corabel
19052;Mercury;false;73880;Ricardo
4112;Toyota;true;80165;Baxie
10268;Chevrolet;false;20533;Evangelin
8240;Mercedes-Benz;true;49843;Rhoda
4936;Ford;true;27830;Diena
5103;Porsche;true;87778;Helaine
2888;Oldsmobile;true;33981;Amalee
1020;Nissan;false;68075;Inglis
19433;Ford;false;30165;Waylon
1083;Ford;true;5907;Baudoin
17395;Honda;false;47080;Tommy
6239;Dodge;true;10882;Rossy
4285;Dodge;false;59735;Doreen
8407;Mazda;true;31885;Leeann
13813;Lincoln;true;93282;Jimmy
11358;Acura;false;67824;Emelina
3588;Toyota;true;67424;Mercedes
9338;Dodge;true;44515;La verne
16681;Mitsubishi;true;4751;Isacco
11053;Infiniti;true;97015;Kitti
539;Chrysler;true;9388;Sauncho
392;Toyota;true;47967;Lilian
2062;Ford;false;7201;Kattie
2313;Chrysler;false;66643;Pandora
905;GMC;true;4152;Carlen
15282;Pontiac;false;65444;Anthony
15220;Lexus;true;49555;Aeriell
18263;Dodge;false;41463;Tabbatha
7473;Nissan;true;3434;Diane
2435;Chevrolet;true;36636;Farand
19679;GMC;false;85356;Monica
3945;Ford;true;61099;Tad
2674;Infiniti;false;36749;Lemmie
13410;Chevrolet;false;52196;Christos
11979;Jaguar;true;96536;Sadye
13576;Audi;true;3791;Bird
18828;Pontiac;true;13567;Myrta
4259;Jaguar;true;64172;Alexina
1304;Holden;false;43813;Rafferty
5389;Pontiac;false;46849;Genevieve
4843;Studebaker;false;55703;Maurita
7423;Honda;false;34451;Wallas
16602;Cadillac;true;99241;Reggi
11482;Ford;true;45083;Giulietta
17180;Chevrolet;true;95346;Sven
5921;Saab;false;13677;Carmina
7240;Geo;true;39411;Darla
11283;Saab;true;10756;Chip
19620;Ford;true;64729;Danette
19272;Lexus;true;5657;Elsey
2211;Shelby;true;61833;Mar
19752;Ford;true;99227;Hillie
10627;Lincoln;true;5404;Son
15355;Mercury;true;45377;Broddy
3281;Volvo;false;10706;Salomone
290;Dodge;false;21860;Sonny
4616;Toyota;true;44545;Shannon
17061;Toyota;false;39043;Franni
3340;Pontiac;true;55382;Tomas
10646;Volkswagen;true;6176;Alard
1384;Mercedes-Benz;false;38778;Edeline
13417;Toyota;false;12687;Nico
11937;Mazda;true;41317;Xenia
3805;Audi;false;41630;Shelly
3232;Kia;false;62513;Micheil
6373;Mercedes-Benz;true;40900;Perice
1788;Porsche;true;23774;Pippa
19694;Buick;false;41847;Chick
10890;Chrysler;true;45902;Layla
15547;Mercedes-Benz;false;50789;Martica
1634;Nissan;true;39402;Corene
16673;Chrysler;false;84986;Bern
17130;GMC;false;40745;Pebrook
18057;BMW;false;61808;Lindsy
12474;Plymouth;false;40815;Hewet
1782;Acura;false;7172;Appolonia
12764;Isuzu;false;38954;Inga
7516;Volkswagen;true;36793;Cecil
13770;Porsche;true;37766;Andee
6452;Subaru;true;87975;Lorrie
13137;Lincoln;true;75993;Carline
6744;Mercedes-Benz;false;35023;Giffer
12560;Mitsubishi;true;18445;Natal
1011;Mercedes-Benz;true;15171;Sayers
3579;Oldsmobile;false;12275;Teddie
19244;Volkswagen;true;20925;Cristiano
5898;Toyota;false;58806;Birdie
18478;Ford;false;75695;Gar
10718;BMW;true;17406;Rudyard
9125;Pontiac;true;90954;Arnaldo
1344;Mercedes-Benz;false;97147;Hally
12011;Ford;false;88550;Dominik
10779;Mazda;true;66664;Vanda
17126;Porsche;false;20697;Arte
9626;Bentley;false;46942;Yoshi
15311;Toyota;true;22798;Michelle
3023;Mazda;false;49712;Nerta
2885;Dodge;true;80694;Sidnee
8301;Chevrolet;false;34152;Kingsley
9572;Mazda;false;14198;Cordelia
14211;Pontiac;false;83075;Cherlyn
8202;Mazda;true;24378;Shannon
14303;Pontiac;true;73786;Sydelle
9966;Toyota;true;79160;Cinnamon
17675;Oldsmobile;true;86656;Barry
5361;Subaru;false;49336;Flinn
13852;Pontiac;false;77444;Rockey
5072;Maserati;false;82027;Ida
19777;Chevrolet;false;88289;Barclay
7638;Mercedes-Benz;false;39131;Mead
4511;Kia;false;13044;Nanete
19588;Lamborghini;false;65537;Martin
9873;Mercedes-Benz;true;52104;Sharona
8146;Mitsubishi;true;89919;Daloris
12096;BMW;true;65009;Eileen
1551;Chevrolet;false;98738;Parker
17605;Suzuki;true;90820;Leon
5229;GMC;true;15002;Eloise
1099;Ford;false;33815;Maribel
10154;Pontiac;true;62144;Stephen
12650;BMW;false;18207;Deny
5615;Suzuki;false;87217;Cristy
10884;Mercedes-Benz;false;25267;Tim
17488;Infiniti;true;29052;Gilberta
19084;Infiniti;false;84254;Martynne
4439;Mitsubishi;true;19469;Isaak
6093;Hyundai;false;36160;Karla
19163;Toyota;true;31294;Sasha
10854;Mercedes-Benz;true;67488;Jeanie
2565;Ford;false;48589;Justine
8749;Chevrolet;false;98727;Kori
16960;Mercury;true;76107;Lorne
14697;Oldsmobile;false;73864;Von
1150;Mitsubishi;false;44040;Granville
3344;Dodge;false;88579;Sibbie
1941;GMC;true;93692;Evered
11169;Mercedes-Benz;true;73930;Jolene
15517;Volvo;true;95552;Geordie
16154;Nissan;false;97764;Catlee
2430;Infiniti;false;61908;Waneta
19268;Fillmore;false;81729;Letta
16212;Nissan;true;22403;Gabriell
13660;BMW;true;81647;Carlyn
17533;GMC;true;62866;Eleonore
11686;Pontiac;true;96981;Shirleen
3435;Ford;false;84532;Walt
19854;Volkswagen;false;90448;Jarib
4164;Buick;false;79494;Howie
2186;BMW;false;58403;Colas
11455;Volkswagen;false;3127;Pascale
16027;Pontiac;false;14452;Milo
3174;Mercury;true;41036;Abe
3693;Infiniti;false;41532;Lorrie
1398;Cadillac;true;37589;Evonne
1819;Volvo;false;30719;Gasper
11198;Lincoln;true;23559;Derward
17500;BMW;false;84752;Ruthe
4604;Suzuki;false;2419;Nessy
17128;Dodge;false;97062;Dulcie
2339;Land Rover;true;7759;Abelard
11193;Nissan;true;81093;Wood
18472;Ford;true;32361;Mahalia
6986;Nissan;false;43323;Kassandra
8569;Infiniti;true;55266;Tonnie
10839;Volvo;true;15881;Francene
7323;Hyundai;false;43790;Violet
670;Jeep;true;40252;Kinny
2746;Lexus;false;73254;Jojo
9226;Honda;true;79443;Demetra
8617;Ford;true;63802;Vicky
5808;BMW;false;828;Adriana
9846;Volkswagen;false;30458;Nikki
19320;Subaru;true;926;Megan
7416;Porsche;true;91233;Othilie
11923;Ford;true;65655;Dodi
19827;GMC;false;69645;Melvyn
3269;Dodge;false;66082;Jaquelyn
18262;Acura;false;77827;Karna
2252;Suzuki;false;86836;Shantee
11941;Volkswagen;true;7278;Sigmund
18798;Nissan;false;95414;Harriot
19164;Infiniti;true;10603;Town
8754;Subaru;false;57783;Tiffanie
6143;BMW;false;97398;Doralyn
8952;Dodge;true;82284;Jane
13122;Subaru;false;83;Grier
424;GMC;true;48514;Suzann
2989;Audi;false;11678;Monte
19951;Pontiac;true;11302;Verla
6809;Hummer;false;77412;Kippy
8849;GMC;false;62879;Agnese
2924;Hyundai;false;20891;Evelin
2332;Mazda;false;44922;Kin
3744;Plymouth;true;88232;Clarette
12510;Toyota;false;94483;Silvester
9749;BMW;false;66428;Imogene
3211;Mercury;true;75964;Blaine
5522;Mercedes-Benz;false;91760;Laney
6755;Pontiac;true;12395;Bennie
15461;Subaru;false;22115;Anthea
16840;Kia;false;97080;Demetrius
11720;Mercedes-Benz;true;2107;Athena
1100;Audi;false;44364;Maxie
9183;Volkswagen;false;79308;Tammie
3165;Chevrolet;true;7864;Cesare
18364;GMC;true;24889;Audre
18238;Ford;true;89617;Philomena
6017;Saab;true;87643;Nicolais
7672;Dodge;false;17568;Marianne
13422;Volkswagen;false;84706;Nikita
15064;Suzuki;false;16158;Robinia
1602;Honda;false;63972;Ingeborg
5599;GMC;false;90022;Cesya
2819;Volkswagen;false;36548;Billy
10421;Ford;false;23477;Thibaud
12683;Ford;false;51455;Maurie
267;Buick;false;61794;Holt
4572;Nissan;false;7564;Jesse
14907;Isuzu;true;51823;Klaus
8110;Mazda;false;59394;Pattin
9726;Dodge;true;66004;Rafael
15580;Ford;true;10688;Margery
3168;Dodge;true;1088;Shirlee
9247;BMW;false;27319;Millicent
10769;Plymouth;false;97970;Ursala
5880;Honda;true;84728;Michelina
4164;Chevrolet;false;44365;Cindy
4683;GMC;false;47028;Dougy
7094;Chevrolet;true;86763;Dusty
8739;Chevrolet;false;58337;Jania
9128;Mitsubishi;false;64895;Anderson
1502;Toyota;false;6267;Selle
12542;BMW;true;39280;Alfredo
4807;Chevrolet;true;84499;Regina
2550;Lotus;false;28367;Anabal
10302;Mercury;false;50036;Hedda
19176;Ferrari;true;16360;Rozamond
8811;Nissan;true;12100;Merill
4816;Mazda;false;33347;Gunilla
19740;Bentley;true;60216;Mariele
6645;Honda;false;54775;Richard
1291;Mercury;false;51268;Elisha
11425;Cadillac;true;16902;Meta
17978;Mercury;false;78955;Randa
10554;Buick;false;4521;Randi
17922;Ford;false;92348;Zelma
3752;Hyundai;false;28537;Morse
18500;Suzuki;false;37438;Nellie
2059;Jeep;false;15553;Redd
6792;Lexus;false;86556;Thornie
11959;Chevrolet;false;25133;Jade
4654;Infiniti;true;10414;Abbey
18598;Mercury;false;27051;Goldina
12067;Toyota;true;86123;Aundrea
19076;GMC;false;62668;Candide
19343;Mitsubishi;true;10340;Morley
8490;Nissan;false;73444;Cherida
14586;Renault;true;78586;Aubert
14619;Nissan;false;19542;Constantia
17192;Rolls-Royce;false;41018;Ermentrude
14660;Rolls-Royce;false;42582;Myra
8092;Mitsubishi;false;32096;Kip
17624;BMW;false;27548;Gnni
4332;Dodge;true;65041;Mady
13375;Mitsubishi;true;55886;Tiphanie
12015;Jeep;true;43861;Audrie
4408;Chevrolet;false;41274;Jakie
9359;Mitsubishi;false;45059;Shaun
7500;Land Rover;true;9223;Brod
4316;Nissan;true;93716;Odessa
8923;Ford;false;93933;Maxine
6335;Porsche;false;78454;Elwin
6982;GMC;false;72752;Rhea
4058;Toyota;false;73340;Isaiah
3020;Chevrolet;true;72628;Marjory
11369;Saturn;true;69838;Fayina
7239;Mercedes-Benz;true;98476;Joanne
10272;Oldsmobile;false;99471;Wenda
8874;Chevrolet;true;41170;Leontine
18526;Chevrolet;false;70793;Konstance
14152;Lexus;true;55769;Torrey
12307;Mitsubishi;false;96963;Teriann
17216;Acura;false;49539;Felipe
7530;Audi;false;45342;Sullivan
8034;Mazda;false;99654;Ara
232;Toyota;true;21572;Jessalin
19962;Audi;false;88880;Nadya
17550;Volkswagen;false;99779;Alexandra
10071;GMC;true;58118;Stephani
1808;Volvo;true;36494;Arlin
17937;Mercury;true;51287;Andromache
10057;Ford;false;93933;Lydia
1767;Eagle;false;23284;Cos
9918;Pontiac;true;71365;Erminia
8377;Oldsmobile;false;2104;Alessandra
17951;Subaru;true;54540;Clayson
2970;Subaru;true;71841;Wendie
17836;Jaguar;false;48406;Abel
5603;Maserati;false;67315;Nicolina
13975;Dodge;false;23951;Zaneta
5993;Honda;false;17974;Kristine
11469;Jaguar;true;6780;Elwira
344;Toyota;false;195;Sonnie
16620;Subaru;true;37783;Lian
1106;Lincoln;false;60112;Vanya
3472;Cadillac;true;21461;Talyah
9977;Lincoln;false;13862;Rutter
19406;Acura;true;55061;Brandi
7616;Saturn;false;36647;Rhoda
18249;Chevrolet;true;7940;Nathanael
14059;Mitsubishi;true;22810;Ronalda
835;Pontiac;true;84433;Phyllys
9489;Chevrolet;true;24578;Portia
9715;Dodge;false;74436;Nancy
1402;Kia;false;45500;Allianora
18163;Chevrolet;true;68944;Adrian
11787;GMC;false;1264;Bret
17402;Volkswagen;false;77785;Giles
11120;BMW;false;35770;Dede
12586;Jaguar;false;61742;Glenda
4636;Chevrolet;true;55411;Jasmina
17204;Nissan;true;12676;Hartwell
18875;BMW;true;87972;Morgana
16663;Mercedes-Benz;true;60682;Andrei
8721;Mercedes-Benz;true;3274;Gena
1875;Audi;false;28401;Syman
11967;Dodge;true;93050;Nichole
14582;Volvo;false;15084;Herminia
3483;Kia;true;77157;Sutherlan
5472;Cadillac;false;83800;Car
999;Jaguar;false;6368;Loree
14244;Volvo;true;45119;Oates
14704;Chevrolet;true;55664;Jeniece
8555;Ford;false;12747;Serene
19016;BMW;false;91843;Devonna
19844;Chrysler;false;4107;Maryanna
961;Subaru;false;76057;Sarah
4955;Mercury;true;93274;Perl
8438;Mazda;false;61393;Nonah
15007;Chrysler;true;4037;Cheri
5307;Nissan;false;47142;Fields
6263;Land Rover;false;85763;Kiele
14353;Lexus;true;42442;Bryce
964;Cadillac;true;61068;Sheffield
14688;Ford;false;47132;Holly-anne
13767;Mitsubishi;false;17093;Dell
19051;Chevrolet;false;66751;Colette
11758;Chrysler;false;75822;Ekaterina
5920;Lincoln;true;84420;Giovanni
6108;Chevrolet;false;33431;Ladonna
5431;Jeep;false;66100;Anne-marie
15475;Mitsubishi;false;2041;Tressa
16689;Ford;true;98449;Elvis
6963;Chevrolet;true;31115;Tim
13064;Ford;false;64953;Armand
17665;Nissan;true;35169;Phillipp
14742;Jaguar;true;13913;Eartha
6684;BMW;true;16253;Humberto
6840;Jaguar;true;93058;Aliza
12628;Ford;false;24196;Beck
16316;Scion;true;13702;Alisa
12687;Chrysler;false;52167;Vinson
12785;Honda;false;33081;Cobbie
12976;Lamborghini;false;3021;Batsheva
18444;Volvo;true;36739;Deeyn
12781;Volvo;false;90705;Anya
13263;Chevrolet;true;99118;Cindra
15007;Acura;false;99957;Chere
8819;Mercedes-Benz;true;45542;Boote
5411;Isuzu;true;97481;Trix
13013;Acura;false;97235;Donelle
14677;Dodge;false;78873;Laney
8064;Audi;false;98606;Kora
12720;Toyota;false;55296;Buck
7946;Panoz;true;26234;Heidie
3835;Dodge;false;25675;Lemar
6377;Dodge;true;37949;Debi
4789;Chrysler;true;53096;Tremayne
2864;Chevrolet;true;5046;Catlin
7465;Toyota;true;41653;Ronnie
18456;Buick;true;88667;Colman
17419;GMC;false;73636;Ceciley
5310;Mitsubishi;true;51103;Swen
8970;GMC;false;23420;Cass
13984;Dodge;true;78481;Harriot
5811;Honda;false;40802;Mechelle
4067;Ford;true;95389;Kaiser
5613;Mercedes-Benz;false;61770;Vassily
16350;Ford;true;34022;Evonne
8699;Mercury;false;21431;Gui
13214;Mercury;true;86518;Quintana
13029;Mazda;true;20011;Ashlen
4161;Pontiac;false;79585;Kellen
18320;Buick;false;67465;Dana
14601;Mitsubishi;false;31696;Tedd
10930;Mercury;true;83009;Gretel
14167;Dodge;true;44290;Savina
15683;GMC;true;6046;Cesar
403;Acura;true;22749;Leandra
11924;Suzuki;false;43383;Gunar
6077;Cadillac;false;31052;Myrtice
13038;Cadillac;false;37712;Neda
11074;Pontiac;false;88732;Yevette
6599;Dodge;false;72586;Bethena
8256;Chevrolet;false;3409;Owen
6313;Jeep;true;99815;Brennan
10683;Mitsubishi;true;28310;Victoria
8859;GMC;true;99003;Jordon
2996;Ford;false;62370;Llywellyn
2295;Kia;false;22139;Eric
17916;Jeep;false;63440;Zondra
5778;GMC;false;97890;Jayme
378;Mercury;false;29488;Sheena
12039;Chevrolet;false;42441;Caron
18815;Mitsubishi;true;31100;Madonna
6256;Geo;false;82557;Ally
11074;Chrysler;false;63623;Savina
9221;Audi;true;48641;Corbin
11785;Mercury;false;5954;Matteo
4575;Lotus;true;51515;Guthrey
12384;Jeep;false;28568;Jodi
10851;Volkswagen;true;55124;Ulrick
13756;Toyota;false;33341;Lovell
2366;Volkswagen;false;97321;Johannah
15635;Mercedes-Benz;false;20887;Trista
853;Hyundai;true;19502;Dennet
13213;Volkswagen;true;91573;Julina
15640;Kia;true;36877;Tedman
19177;Pontiac;true;88577;Sonia
3318;Buick;false;11353;Melessa
9373;Nissan;false;63291;Husain
13878;Mitsubishi;false;55152;Bessie
8493;Lexus;false;54706;Kile
18607;Mazda;false;75242;Lucais
3219;Chevrolet;false;4734;Torr
17079;Lexus;false;47819;Ethelin
19310;Ford;true;53123;Goddard
6938;Audi;false;13559;Sabra
7229;Infiniti;false;52244;Sayer
13697;Chevrolet;false;2924;Elonore
1840;Aston Martin;false;10862;Ara
17252;Geo;false;26571;Tabbitha
3261;Isuzu;false;46777;Katrinka
19374;Ford;true;24187;Emmet
9319;Acura;false;79524;Tawsha
11077;Infiniti;false;26138;Cassaundra
17913;Ford;true;3337;Marni
3261;Mercury;false;52883;Ugo
17849;Volvo;true;70729;Syman
321;BMW;false;80289;Knox
7570;Kia;false;50355;Victoria
16995;Rolls-Royce;true;22744;Lorrayne
18909;Geo;true;41564;Ammamaria
15225;Ford;true;12341;Kalli
2163;Oldsmobile;true;32704;Noak
13647;Mazda;false;45795;Ladonna
11844;Ford;true;93023;Derek
5513;Porsche;true;41752;Wyatt
17265;Nissan;true;5938;Pete
9232;Ford;true;34590;Nelia
4080;Buick;true;36732;Brnaby
17530;Pontiac;true;6353;Gerardo
6865;Nissan;false;10936;Giffer
9085;Buick;false;53591;Shel
13825;Suzuki;false;29104;Gus
14610;GMC;false;68427;Colan
1319;Dodge;true;6176;Marnia
18735;Toyota;true;63741;Drew
11156;Lexus;true;79990;Kele
9280;Toyota;true;44117;Harmon
14298;Chevrolet;false;22757;Sutherlan
14030;Oldsmobile;true;72982;Ezri
7805;Plymouth;true;5850;Lacy
6993;Mercedes-Benz;true;11159;Sallie
12300;Volkswagen;true;46492;Cecilio
5638;Dodge;true;40356;Gabriellia
14191;GMC;true;16118;Moyna
3626;Dodge;true;98768;Kain
18477;Mazda;false;90973;Brandi
7492;Mitsubishi;true;38238;Beverlie
15319;Hyundai;true;28988;Eliot
19068;Corbin;false;11012;Martica
13973;Kia;true;4217;Archer
18954;Jaguar;false;52439;Cyndie
10350;GMC;false;36416;Hamil
9238;Chevrolet;true;33188;Drusi
15509;Mazda;true;37393;Osbourn
10047;Isuzu;true;14025;Parsifal
5879;Lexus;true;18206;Bennie
6848;Dodge;false;56425;Nichole
5088;Chevrolet;false;15771;Chip
12320;Lincoln;true;8421;Everard
9560;Chevrolet;true;77552;Che
9816;Lincoln;true;25738;Randy
18100;GMC;true;44846;Kayla
7534;Mitsubishi;false;10437;Evaleen
13787;Plymouth;false;50739;Reamonn
12524;Chevrolet;false;54436;Justus
11095;Subaru;false;61938;Davin
10983;BMW;false;2943;Riannon
394;Hyundai;false;85872;Marsiella
18018;Honda;true;28081;Town
13009;Chevrolet;false;64437;Staci
5760;Isuzu;false;6924;Barth
16893;Pontiac;true;21410;Rodolph
2651;Mercedes-Benz;true;50985;Wright
5364;Chevrolet;false;68794;Gigi
4548;BMW;false;56198;Ced
15498;Toyota;true;70788;Julita
16208;Suzuki;true;19465;Matelda
19432;Volkswagen;false;95647;Dahlia
12507;Acura;true;33156;Dewie
17137;Mitsubishi;false;10751;Ilene
11580;Toyota;false;19082;Horatio
3716;Hyundai;false;69360;Charline
17624;Isuzu;true;17927;Maisie
6135;Ford;true;94021;Cairistiona
6703;Toyota;false;66130;Bobine
8331;Jaguar;false;3186;Wolfgang
13144;Mazda;false;84263;Veronica
18461;Lincoln;false;83423;Julianne
6973;Ford;false;16579;Hiram
15457;Mazda;false;43406;Henri
6704;Maserati;true;93512;Zuzana
14634;GMC;true;47437;Jessi
12517;Ford;false;61695;Dirk
939;Studebaker;true;28082;Lucienne
4417;Studebaker;false;79108;Neal
8225;Chevrolet;false;22245;Ferdinande
7620;Kia;true;69631;Shanon
19226;Mitsubishi;false;69480;Patrick
15556;Mercedes-Benz;true;5721;Pembroke
17250;GMC;false;52653;Loella
1658;Mazda;true;32221;Davey
6425;Buick;true;52726;Bud
3970;Volkswagen;true;30364;Rudolph
5167;Buick;false;13091;Pen
11545;Dodge;true;4145;Amitie
13045;Nissan;true;99149;Merrel
10900;Mercedes-Benz;true;44474;Fredericka
10529;Cadillac;false;38452;Chrotoem
6127;Subaru;true;45796;Ashleigh
16895;Mazda;false;41504;Vikky
164;Ford;false;77805;Lyndsie
9928;Ford;false;44754;Hugibert
13117;Toyota;false;29255;Grayce
6278;Aston Martin;true;57447;Olivier
15099;Jaguar;true;76785;Hogan
15866;Volvo;false;90276;Hervey
11442;Mitsubishi;false;14891;Kelbee
19148;Jaguar;false;74887;Maure
7451;Volvo;true;81624;Allan
13948;Toyota;false;97264;Merrili
15736;Volkswagen;false;65173;Valina
3695;Land Rover;true;9273;Caresa
8241;Ford;false;16050;Aprilette
15629;Pontiac;false;42686;Kania
3075;Subaru;true;12928;Bonnie
15947;Mercury;true;19817;Bonnee
14466;BMW;false;54104;Zorina
18963;Chevrolet;false;20692;Delmar
1909;Buick;true;76918;David
18068;Pontiac;false;91591;Shep
11318;Volvo;false;36895;Linette
18741;Chevrolet;false;65240;Bertine
64;Buick;true;77030;Nero
19329;Dodge;true;15625;Lionel
16728;Ford;false;17571;Wolfie
717;Honda;true;91252;Kaylyn
19828;GMC;false;87969;Idell
12987;Pontiac;true;26276;Ardenia
898;Mazda;false;27567;Leigh
10425;Mitsubishi;true;88447;Ebony
17344;Ford;false;39533;Niels
3975;Mercedes-Benz;true;18045;Clarissa
15349;Eagle;true;28784;Cassie
17666;Ford;false;20987;Aleen
19324;Pontiac;false;89332;Milka
3800;GMC;false;41777;Ephrayim
5959;Ford;true;13906;Dona
10610;Chevrolet;true;383;Bendick
12748;Isuzu;true;40046;Thelma
19416;Land Rover;false;19542;Carlyn
1280;Jaguar;false;33375;Mahala
10195;Chrysler;false;72766;Evania
12412;Kia;true;88970;Leigha
8536;Chevrolet;false;21663;Bernard
285;Mercedes-Benz;false;54543;Major
7408;Chevrolet;false;72442;Corette
5289;Mercedes-Benz;true;20975;Melloney
9444;Dodge;false;55724;Heloise
14842;Ford;false;30825;Feliza
1786;Chevrolet;true;5004;Pammi
18967;GMC;true;40383;Sabrina
13432;Dodge;true;67212;Eunice
7482;Audi;true;56455;Kelci
12905;Chevrolet;true;92019;Rodd
7583;Mitsubishi;false;7808;Alexandrina
3605;Mercury;true;22200;Kirsten
7065;Mazda;false;60834;Carma
5584;Porsche;true;95744;Missy
8896;Dodge;true;65748;Zitella
19356;Chrysler;true;48871;Georges
9736;Volvo;false;26823;Dewey
10396;Toyota;true;79600;Theo
13918;Lincoln;true;93159;Basilius
15375;Mazda;true;34579;Cindy
4130;Ford;true;46774;Corella
9122;Chevrolet;false;46639;Shawna
9257;Subaru;false;18563;Vanni
800;Jaguar;true;47913;Joelie
594;Volkswagen;true;80351;Alf
1483;Infiniti;false;41872;Janey
6509;Chevrolet;true;51383;Barbette
4521;Toyota;false;10409;Gustave
14292;Mitsubishi;true;33162;Karrah
2902;Jeep;true;63784;Gray
11724;Chrysler;false;98704;Sherill
352;Mazda;false;53236;Randie
15762;Ford;false;37569;Mahmoud
695;Oldsmobile;false;44018;Lezlie
5003;Audi;true;99871;Evaleen
11223;BMW;false;5537;Judas
5230;Aston Martin;false;41256;Jessie
1649;Mazda;false;11151;Alfons
7009;Audi;true;40049;Zondra
15691;Cadillac;true;63231;Star
15664;Volkswagen;true;86058;Yasmin
17481;Hyundai;true;38282;Ring
12807;Chrysler;false;82033;Berti
11960;Mazda;true;91045;Hashim
2774;Geo;false;12769;Arlina
10448;Jaguar;true;62058;Stacie
12801;Mazda;false;30022;Lisetta
3967;Chevrolet;false;93658;Sayre
3255;Volkswagen;false;75854;Tracey
5570;Ford;false;85442;Werner
11916;Infiniti;true;2132;Kerstin
18235;Subaru;true;21818;Hermione
10807;GMC;false;91239;Elga
1583;Dodge;true;98092;Quintina
112;Honda;true;83230;Sadie
3234;Toyota;true;69436;Lenora
8347;Subaru;true;95513;Marcela
19593;BMW;true;803;Hazlett
9033;GMC;false;9409;Charla
11694;Ford;false;21043;Dorolice
5844;Dodge;true;66964;Tommy
9791;Lotus;true;74421;Kane
17949;Mercedes-Benz;true;20844;Onfroi
2757;Chevrolet;true;61268;Lucie
7654;Land Rover;false;26448;Ethyl
5315;Land Rover;true;5714;Carolyn
2828;Chevrolet;false;27112;Efrem
9902;Lamborghini;true;7168;Marcia
2502;Cadillac;false;75092;Perle
16340;Jaguar;false;29479;Bobinette
2758;Mitsubishi;true;77177;Darrell
9297;Chevrolet;false;63123;Peggie
13383;Infiniti;true;58195;Bette
13184;Porsche;false;17454;Cordelie
12647;Mitsubishi;false;39400;Sybilla
9738;Toyota;true;91992;Bradney
8927;Infiniti;false;93724;Bowie
3329;Buick;true;30362;Catina
7313;Toyota;false;94692;Catarina
15097;Mitsubishi;false;90363;Sharity
12673;BMW;true;22760;Lane
15724;Cadillac;true;20540;Randy
7702;Acura;true;32495;Benny
5688;Mitsubishi;false;67510;Allie
4865;Plymouth;false;77900;Cathee
10335;Lamborghini;true;53322;Darcee
5643;Isuzu;true;20800;Deeyn
11583;Dodge;false;93119;Cherry
17418;Volvo;false;96999;Gypsy
4870;BMW;false;46646;Ev
17599;Volvo;true;9446;Brigid
5836;Porsche;true;52794;Veradis
7712;Toyota;true;23083;Samuel
19432;Mercury;false;92504;Jerry
17783;Dodge;true;15629;Gertie
1358;Suzuki;false;64761;Nert
15953;Jaguar;false;413;Crista
7133;Chevrolet;true;31102;Dale
12476;Jaguar;true;62559;Kriste
14782;Pontiac;true;50469;Georgie
8456;Mercedes-Benz;true;77491;Renelle
16044;Nissan;true;69309;Giacinta
1707;Lincoln;true;50099;Rowan
17381;Buick;false;72787;Leicester
14937;Chrysler;true;17302;Nollie
5175;Ford;false;12274;Keslie
9895;Ford;true;92552;Vyky
8059;Buick;false;35550;Iggie
12050;Mercedes-Benz;true;42087;Padriac
10138;Ford;true;32206;Dalila
407;GMC;false;59413;Derry
14615;Dodge;true;96193;Emlynn
18612;BMW;true;55929;Vinni
10552;Ford;false;83433;Myrtia
16794;Audi;true;29105;Jessamyn
1182;Buick;true;20763;Daniela
15556;Mazda;false;9587;Monica
799;Pontiac;false;42572;Chico
8930;Ford;false;97593;Augustin
6095;Maserati;false;17665;Teddy
18018;Volkswagen;false;91126;Melony
19087;Lotus;false;24319;Hedwig
15474;Mercury;false;82442;Elton
10218;Audi;true;6736;Melamie
296;Chevrolet;false;86336;Jerrilyn
12875;Mazda;false;853;Astrix
7686;Mercedes-Benz;false;79052;Giorgi
18122;Mazda;true;28454;Brandie
19451;Cadillac;true;83653;Ros
19834;Chevrolet;true;69924;Jewel
4212;Chrysler;true;31667;Cicely
9175;Lincoln;false;39925;Orrin
4941;Hyundai;true;84744;Henderson
8548;Nissan;false;12135;Reynold
18413;BMW;false;28811;Josiah
2079;Buick;true;76061;Carmine
3262;Buick;true;94863;Pietra
4605;Maserati;false;60854;Juana
1005;Dodge;true;19678;Trace
2478;Plymouth;true;46374;Wayland
2398;Mazda;true;49570;Forrester
9787;Chevrolet;false;93441;Kendall
6480;Ford;false;19266;Tadio
16855;Infiniti;true;73048;Boy
1131;Oldsmobile;true;29509;Joleen
10264;Aptera;true;96297;Theobald
19684;Dodge;true;15671;Drucy
13324;GMC;false;34518;Benjamen
1463;Mitsubishi;true;78433;Hirsch
9778;Buick;false;66925;Ruddie
12073;Land Rover;false;23655;Fleur
6233;Buick;true;21386;Franklyn
8965;Lamborghini;true;81087;Harrie
17828;Suzuki;false;19881;Sophronia
666;Pontiac;false;86682;Cherie
14770;Acura;true;29818;Sanderson
11564;Buick;true;97673;Minerva
18901;Mercedes-Benz;true;42031;Effie
2624;Bentley;false;52065;Wynn
4595;Land Rover;true;98352;Feliza
12341;Toyota;true;72852;Denna
3702;Dodge;false;98579;Harriott
1203;Chrysler;false;5665;Milena
2276;Chevrolet;true;20546;Leonora
5386;Lexus;true;23642;Judon
4352;Ford;false;12755;Nappie
10764;Honda;true;32078;Cassandre
15083;Mazda;true;64565;Shamus
14169;Dodge;false;42397;Willetta
3981;Porsche;true;8522;Jarrett
108;Toyota;true;22981;Maren
16134;Lexus;false;92436;Thatcher
11760;Honda;false;47913;Sondra
16692;Mitsubishi;false;52334;Reagan
19208;Plymouth;true;47672;Simonne
7356;Infiniti;true;50968;Mandy
11177;Mercury;true;157;Malvin
14298;Chevrolet;false;96361;Rani
19684;Chevrolet;true;10669;Julina
238;Mercury;false;90263;Ragnar
986;Porsche;false;46617;Markos
11526;GMC;true;45288;Wren
14836;Nissan;false;40994;Rupert
13904;Mazda;true;79013;Catlaina
12297;Ford;false;69016;Ardisj
6163;Plymouth;false;68012;Joscelin
14781;Volvo;true;88122;Ambrosius
9773;Toyota;true;89802;Barbie
7656;Saab;false;1350;Cathrine
16223;BMW;true;81118;Augustine
9679;Pontiac;true;52829;Vina
18371;Chevrolet;false;60854;Natividad
4324;Dodge;false;56953;Madeline
16594;Ford;false;82773;Gunilla
7042;Ford;true;31402;Nicolina
14310;Oldsmobile;true;15764;Tobey
11764;Mercedes-Benz;false;49864;Amaleta
15781;Isuzu;false;89198;Costa
19263;Bentley;false;29055;Worth
6047;Nissan;false;78846;Kellina
2470;Suzuki;false;17574;West
10640;Jeep;false;21717;Marika
6774;Ford;false;28325;Frieda
19339;Honda;true;77539;Yasmin
1072;Chevrolet;false;77014;Shae
15630;Toyota;false;3380;Fallon
9234;Ford;false;8359;Kenn
13661;Ford;false;83568;Richard
18150;Cadillac;false;13917;Ailis
14634;Hyundai;true;57615;Wendy
7156;Mercury;false;83438;Jobina
18324;Subaru;false;84211;Gladys
4169;Infiniti;false;25661;Sofie
2553;Dodge;true;89259;Randal
5035;Geo;true;25119;Wain
12574;GMC;false;34528;Normie
15033;Volvo;false;88047;Stafford
17661;Acura;false;59014;Francois
13375;Volvo;true;79996;Alameda
13452;Dodge;true;4698;Nonie
3210;Subaru;false;76971;Belle
16867;Dodge;true;53820;Barney
1813;Lexus;true;83429;Les
10878;Porsche;true;81376;Viviene
7508;Toyota;true;34947;Ediva
13068;Toyota;false;14558;Cinda
14584;Saab;true;8470;Erroll
420;Ford;false;33446;Lucienne
3368;Chevrolet;false;24482;Thomasin
2286;Mercury;true;86910;Johann
18835;Volkswagen;false;24163;Riannon
18017;Buick;false;27218;Pooh
17920;Kia;true;3338;Ange
2630;Chevrolet;false;30153;Emile
200;Dodge;true;32625;Bernice
6516;Mazda;true;47553;Xena
7607;Mazda;true;93986;Stan
7319;Chrysler;false;13698;Zara
1390;Volkswagen;false;61658;Marita
15196;Mercury;false;56418;Maryanna
6505;Nissan;true;39607;Marlie
5459;Honda;true;33017;Aguie
1887;Toyota;false;46888;Camila
9466;GMC;false;68188;Wendel
618;Kia;false;30812;Sheffie
17010;Toyota;true;40771;Randy
6759;Lincoln;true;82749;Anne-marie
14865;Ford;true;36373;Dayna
3456;Ford;true;68617;Kristoffer
113;Mazda;true;10483;Fayre
6535;Toyota;true;64562;Tedie
18745;Porsche;false;75722;Lorelle
7833;Acura;true;40902;Zara
3862;Jeep;false;31677;Melvin
1722;Chevrolet;true;26452;Garvin
9436;Pontiac;true;22189;Hillel
19646;Pontiac;false;60699;Bryant
14934;Hyundai;false;24163;Joelly
4256;Ford;true;82705;Myrlene
10264;Dodge;true;59818;Brucie
15506;Hyundai;false;58635;Vasily
15793;Ford;false;62193;Jorie
15006;Nissan;true;54622;Teresina
18448;GMC;false;84977;Meggy
8688;Hyundai;false;84167;Nicolea
5995;MINI;false;68393;Olvan
6615;Mitsubishi;false;15642;Mimi
5529;Chevrolet;true;94689;Cathe
